MESURE_TME,CNTER_NM,AGE_FLAG_NM,MESURE_PLACE_FLAG_NM,MESURE_AGE_CO,INPT_FLAG_NM,COAW_FLAG_NM,MESURE_DE,MBER_SEXDSTN_FLAG_CD
1,남구(부산),성인,일반,64,관리자,참가증,20120601,F
1,광산,성인,일반,41,관리자,3등급,20120601,F
1,광명,성인,일반,31,관리자,참가증,20120601,F
1,광산,성인,일반,33,관리자,참가증,20120601,F
1,남구(부산),성인,일반,61,관리자,참가증,20120601,F
1,광명,성인,일반,56,관리자,참가증,20120601,F
1,남구(부산),성인,일반,52,관리자,3등급,20120601,F
1,남구(부산),성인,일반,57,관리자,참가증,20120601,F
1,광명,성인,일반,53,관리자,참가증,20120601,F
1,원주,성인,일반,57,관리자,3등급,20120601,F
1,광산,성인,일반,58,관리자,참가증,20120601,F
1,원주,성인,일반,31,관리자,참가증,20120601,F
1,원주,성인,일반,62,관리자,참가증,20120601,F
2,원주,성인,일반,19,관리자,3등급,20120601,F
1,남구(부산),성인,일반,63,관리자,참가증,20120601,M
1,남구(부산),성인,일반,45,관리자,3등급,20120601,M
1,원주,성인,일반,58,관리자,3등급,20120601,F
1,남구(부산),성인,일반,57,관리자,참가증,20120601,F
1,광산,성인,일반,45,관리자,2등급,20120601,F
1,광명,성인,일반,29,관리자,참가증,20120601,F
1,광명,성인,일반,36,관리자,참가증,20120601,M
1,광명,성인,일반,50,관리자,참가증,20120601,M
1,광산,성인,일반,53,관리자,3등급,20120601,F
1,원주,성인,일반,43,관리자,참가증,20120601,F
1,원주,성인,일반,20,관리자,참가증,20120601,F
1,원주,성인,일반,26,관리자,참가증,20120601,M
1,원주,성인,일반,31,관리자,참가증,20120601,M
1,광명,성인,일반,53,관리자,참가증,20120601,F
1,광명,성인,일반,59,관리자,참가증,20120601,F
1,광명,성인,일반,43,관리자,참가증,20120601,F
1,원주,성인,일반,27,관리자,2등급,20120601,M
1,광명,성인,일반,64,관리자,참가증,20120601,F
1,남구(부산),성인,일반,43,관리자,참가증,20120601,M
2,광산,성인,일반,49,관리자,참가증,20120601,F
1,광산,성인,일반,60,관리자,3등급,20120601,F
1,광산,성인,일반,47,관리자,참가증,20120601,F
1,광명,성인,일반,53,관리자,3등급,20120601,M
1,남구(부산),성인,일반,51,관리자,2등급,20120601,F
1,광명,성인,일반,47,관리자,참가증,20120601,M
1,남구(부산),성인,일반,52,관리자,참가증,20120601,F
1,원주,성인,일반,43,관리자,참가증,20120601,F
1,원주,성인,일반,60,관리자,참가증,20120601,F
1,광명,성인,일반,63,관리자,3등급,20120601,F
1,남구(부산),성인,일반,46,관리자,참가증,20120601,F
1,남구(부산),성인,일반,59,관리자,참가증,20120601,F
1,남구(부산),성인,일반,47,관리자,참가증,20120601,M
1,광명,성인,일반,56,관리자,참가증,20120601,F
1,광명,성인,일반,51,관리자,참가증,20120601,F
1,원주,성인,일반,39,관리자,참가증,20120601,F
1,광명,성인,일반,34,관리자,참가증,20120601,F
1,원주,성인,일반,36,관리자,참가증,20120601,M
1,광명,성인,일반,35,관리자,참가증,20120601,M
1,남구(부산),성인,일반,58,관리자,참가증,20120601,F
1,남구(부산),성인,일반,62,관리자,3등급,20120601,M
1,광명,성인,일반,35,관리자,참가증,20120601,M
1,원주,성인,일반,31,관리자,3등급,20120601,M
1,광산,성인,일반,31,관리자,참가증,20120601,F
1,광명,성인,일반,54,관리자,참가증,20120601,F
1,원주,성인,일반,41,관리자,참가증,20120601,F
1,원주,성인,일반,54,관리자,3등급,20120601,F
1,광명,성인,일반,30,관리자,참가증,20120601,M
1,남구(부산),성인,일반,59,관리자,참가증,20120601,F
1,광산,성인,일반,63,관리자,3등급,20120601,F
2,광명,성인,일반,19,관리자,참가증,20120601,M
1,원주,성인,일반,28,기타,3등급,20120601,M
1,원주,성인,일반,46,관리자,참가증,20120601,F
1,원주,성인,일반,61,관리자,참가증,20120601,F
1,남구(부산),성인,일반,62,관리자,참가증,20120601,F
1,남구(부산),성인,일반,41,관리자,참가증,20120601,F
1,남구(부산),성인,일반,41,관리자,참가증,20120602,F
1,원주,성인,일반,21,관리자,참가증,20120602,M
1,남구(부산),성인,일반,37,관리자,참가증,20120602,M
1,남구(부산),성인,일반,38,관리자,참가증,20120602,F
1,원주,성인,일반,21,관리자,참가증,20120602,F
1,남구(부산),성인,일반,42,관리자,3등급,20120602,M
1,원주,성인,일반,33,관리자,참가증,20120602,F
1,남구(부산),성인,일반,49,관리자,참가증,20120602,M
1,남구(부산),성인,일반,56,관리자,참가증,20120602,F
1,원주,성인,일반,20,관리자,참가증,20120602,M
1,남구(부산),성인,일반,27,관리자,참가증,20120602,F
1,남구(부산),성인,일반,27,관리자,참가증,20120602,M
1,원주,성인,일반,19,관리자,참가증,20120602,M
1,남구(부산),성인,일반,57,관리자,참가증,20120602,F
1,원주,성인,일반,21,관리자,참가증,20120602,M
1,원주,성인,일반,21,관리자,참가증,20120602,M
1,남구(부산),성인,일반,46,관리자,2등급,20120602,M
1,원주,성인,일반,38,관리자,3등급,20120602,F
1,원주,성인,일반,21,관리자,3등급,20120602,F
1,원주,성인,일반,45,관리자,1등급,20120602,M
1,원주,성인,일반,22,관리자,참가증,20120602,F
1,원주,성인,일반,42,관리자,3등급,20120602,F
1,원주,성인,일반,26,관리자,참가증,20120602,M
1,원주,성인,일반,19,관리자,참가증,20120602,F
1,원주,성인,일반,43,관리자,참가증,20120602,F
1,원주,성인,일반,40,관리자,3등급,20120602,M
1,원주,성인,일반,54,관리자,참가증,20120602,F
1,남구(부산),성인,일반,61,관리자,참가증,20120602,F
1,남구(부산),성인,일반,49,관리자,참가증,20120602,F
1,남구(부산),성인,일반,56,관리자,참가증,20120602,M
1,남구(부산),성인,일반,24,관리자,참가증,20120602,M
1,남구(부산),성인,일반,45,관리자,참가증,20120602,F
1,원주,성인,일반,34,관리자,참가증,20120602,F
1,원주,성인,일반,26,관리자,3등급,20120602,M
1,원주,성인,일반,32,관리자,참가증,20120602,M
1,남구(부산),성인,일반,42,관리자,참가증,20120602,M
1,남구(부산),성인,일반,39,관리자,참가증,20120602,F
1,남구(부산),성인,일반,49,관리자,2등급,20120602,F
1,원주,성인,일반,30,관리자,참가증,20120602,M
1,남구(부산),성인,일반,32,관리자,참가증,20120602,F
1,남구(부산),성인,일반,41,관리자,참가증,20120602,M
1,원주,성인,일반,20,관리자,참가증,20120602,F
1,원주,성인,일반,33,관리자,참가증,20120602,M
1,원주,성인,일반,33,관리자,참가증,20120602,F
1,남구(부산),성인,일반,34,관리자,참가증,20120602,F
1,원주,성인,일반,43,관리자,3등급,20120602,F
1,남구(부산),성인,일반,38,관리자,참가증,20120602,M
1,원주,성인,일반,39,관리자,3등급,20120602,M
1,남구(부산),성인,일반,30,관리자,참가증,20120602,F
1,원주,성인,일반,43,관리자,3등급,20120602,M
1,남구(부산),성인,일반,62,관리자,참가증,20120604,F
1,남구(부산),성인,일반,43,관리자,참가증,20120604,M
1,광명,성인,일반,21,관리자,참가증,20120604,M
1,남구(부산),성인,일반,61,관리자,참가증,20120604,F
1,남구(부산),성인,일반,25,관리자,참가증,20120604,F
1,남구(부산),성인,일반,64,관리자,참가증,20120604,M
1,광산,성인,일반,38,관리자,참가증,20120604,M
1,남구(부산),성인,일반,56,관리자,참가증,20120604,F
1,남구(부산),성인,일반,53,관리자,참가증,20120604,F
1,광산,성인,일반,51,관리자,3등급,20120604,F
1,남구(부산),성인,일반,63,관리자,참가증,20120604,F
1,남구(부산),성인,일반,54,관리자,참가증,20120604,F
1,광명,성인,일반,50,관리자,참가증,20120604,F
1,광명,성인,일반,48,관리자,참가증,20120604,F
1,광명,성인,일반,27,관리자,참가증,20120604,F
1,광명,성인,일반,27,관리자,참가증,20120604,F
1,원주,성인,일반,53,관리자,참가증,20120604,M
1,광명,성인,일반,22,관리자,3등급,20120604,M
1,광명,성인,일반,44,관리자,참가증,20120604,M
1,남구(부산),성인,일반,55,관리자,참가증,20120604,F
1,광산,성인,일반,49,관리자,참가증,20120604,F
1,남구(부산),성인,일반,30,관리자,참가증,20120604,M
1,광산,성인,일반,33,관리자,3등급,20120604,F
1,광명,성인,일반,28,관리자,참가증,20120604,F
1,광명,성인,일반,41,관리자,참가증,20120604,M
1,광명,성인,일반,34,관리자,참가증,20120604,F
1,남구(부산),성인,일반,61,관리자,참가증,20120604,F
1,남구(부산),성인,일반,58,관리자,참가증,20120604,F
1,광산,성인,일반,49,관리자,3등급,20120604,F
1,광명,성인,일반,27,관리자,참가증,20120604,F
1,남구(부산),성인,일반,35,관리자,참가증,20120604,M
1,광산,성인,일반,44,관리자,참가증,20120604,F
1,남구(부산),성인,일반,61,관리자,2등급,20120604,M
1,광명,성인,일반,52,관리자,2등급,20120604,F
1,남구(부산),성인,일반,51,관리자,참가증,20120604,F
1,광명,성인,일반,44,관리자,3등급,20120604,F
1,광명,성인,일반,56,관리자,참가증,20120604,F
1,원주,성인,일반,21,관리자,참가증,20120604,F
1,광산,성인,일반,59,관리자,2등급,20120604,F
1,광산,성인,일반,44,관리자,2등급,20120604,F
1,남구(부산),성인,일반,50,관리자,참가증,20120604,F
1,광명,성인,일반,24,관리자,참가증,20120604,M
1,남구(부산),성인,일반,52,관리자,참가증,20120604,F
1,광명,성인,일반,35,관리자,참가증,20120604,M
1,광명,성인,일반,55,관리자,2등급,20120604,F
1,남구(부산),성인,일반,55,관리자,참가증,20120604,F
1,남구(부산),성인,일반,58,관리자,참가증,20120604,F
1,광명,성인,일반,27,관리자,참가증,20120604,F
1,남구(부산),성인,일반,43,관리자,참가증,20120604,M
1,광명,성인,일반,29,관리자,참가증,20120604,F
1,남구(부산),성인,일반,50,관리자,참가증,20120604,M
1,원주,성인,일반,64,관리자,참가증,20120604,F
1,원주,성인,일반,23,관리자,참가증,20120605,F
1,광산,성인,일반,53,기타,참가증,20120605,M
1,광명,성인,일반,51,관리자,참가증,20120605,F
1,광산,성인,일반,58,관리자,참가증,20120605,F
1,원주,성인,일반,33,관리자,3등급,20120605,F
1,광산,성인,일반,48,관리자,2등급,20120605,F
1,원주,성인,일반,64,관리자,참가증,20120605,M
1,원주,성인,일반,59,관리자,참가증,20120605,F
1,원주,성인,일반,36,관리자,참가증,20120605,M
1,원주,성인,일반,63,관리자,참가증,20120605,F
1,광명,성인,일반,53,관리자,참가증,20120605,F
1,광산,성인,일반,56,관리자,참가증,20120605,F
1,남구(부산),성인,일반,58,관리자,참가증,20120605,M
1,남구(부산),성인,일반,64,관리자,참가증,20120605,F
1,광명,성인,일반,58,관리자,참가증,20120605,F
1,광명,성인,일반,59,관리자,참가증,20120605,F
1,남구(부산),성인,일반,62,관리자,3등급,20120605,M
1,광산,성인,일반,54,관리자,3등급,20120605,M
1,광명,성인,일반,56,관리자,참가증,20120605,F
1,광산,성인,일반,23,관리자,3등급,20120605,M
1,남구(부산),성인,일반,61,관리자,참가증,20120605,F
1,남구(부산),성인,일반,57,관리자,참가증,20120605,F
1,남구(부산),성인,일반,53,관리자,참가증,20120605,F
1,광산,성인,일반,52,관리자,3등급,20120605,F
1,광산,성인,일반,43,관리자,2등급,20120605,F
1,남구(부산),성인,일반,44,관리자,참가증,20120605,M
1,광산,성인,일반,23,관리자,참가증,20120605,M
1,남구(부산),성인,일반,30,관리자,참가증,20120605,F
1,남구(부산),성인,일반,56,관리자,참가증,20120605,F
1,광산,성인,일반,54,관리자,3등급,20120605,F
1,남구(부산),성인,일반,62,관리자,참가증,20120605,F
1,원주,성인,일반,51,관리자,3등급,20120605,F
1,남구(부산),성인,일반,31,관리자,참가증,20120605,F
1,남구(부산),성인,일반,38,관리자,참가증,20120605,F
1,남구(부산),성인,일반,35,관리자,3등급,20120605,M
1,원주,성인,일반,37,관리자,2등급,20120605,M
1,원주,성인,일반,50,관리자,참가증,20120605,M
1,남구(부산),성인,일반,61,관리자,참가증,20120605,F
1,남구(부산),성인,일반,59,관리자,참가증,20120605,F
1,광산,성인,일반,60,관리자,2등급,20120605,M
1,남구(부산),성인,일반,39,관리자,참가증,20120605,F
1,광산,성인,일반,42,관리자,참가증,20120605,F
1,남구(부산),성인,일반,35,관리자,참가증,20120605,F
1,남구(부산),성인,일반,63,관리자,참가증,20120605,F
1,남구(부산),성인,일반,21,관리자,2등급,20120605,M
1,남구(부산),성인,일반,59,관리자,참가증,20120605,F
1,광산,성인,일반,60,관리자,참가증,20120605,M
1,남구(부산),성인,일반,45,관리자,참가증,20120605,M
1,광산,성인,일반,45,관리자,3등급,20120606,F
1,광산,성인,일반,43,관리자,참가증,20120606,F
1,광산,성인,일반,53,관리자,2등급,20120606,M
1,광산,성인,일반,52,관리자,참가증,20120606,F
1,광산,성인,일반,19,관리자,3등급,20120606,M
1,광산,성인,일반,32,관리자,참가증,20120606,M
1,광산,성인,일반,29,관리자,참가증,20120606,M
1,광산,성인,일반,62,관리자,참가증,20120606,M
1,광산,성인,일반,30,관리자,2등급,20120606,M
1,광산,성인,일반,39,관리자,참가증,20120606,F
1,광산,성인,일반,36,관리자,참가증,20120606,M
1,광산,성인,일반,46,관리자,참가증,20120606,F
1,광산,성인,일반,42,관리자,참가증,20120606,M
1,광산,성인,일반,38,관리자,2등급,20120606,F
1,광산,성인,일반,49,관리자,참가증,20120606,F
1,광산,성인,일반,40,관리자,3등급,20120606,M
1,광산,성인,일반,47,관리자,참가증,20120606,F
1,광산,성인,일반,52,관리자,3등급,20120606,M
1,광산,성인,일반,38,관리자,2등급,20120606,F
1,원주,성인,일반,26,관리자,참가증,20120607,M
1,광산,성인,일반,54,관리자,참가증,20120607,F
1,남구(부산),성인,일반,45,관리자,3등급,20120607,F
1,남구(부산),성인,일반,51,관리자,참가증,20120607,F
1,원주,성인,일반,55,관리자,참가증,20120607,F
1,원주,성인,일반,37,관리자,참가증,20120607,F
1,남구(부산),성인,일반,43,관리자,3등급,20120607,F
1,남구(부산),성인,일반,51,관리자,참가증,20120607,M
1,남구(부산),성인,일반,39,관리자,참가증,20120607,F
1,광산,성인,일반,49,관리자,참가증,20120607,F
1,남구(부산),성인,일반,55,관리자,참가증,20120607,F
1,남구(부산),성인,일반,53,관리자,참가증,20120607,F
1,남구(부산),성인,일반,39,관리자,2등급,20120607,F
1,원주,성인,일반,37,관리자,2등급,20120607,M
1,광산,성인,일반,38,관리자,참가증,20120607,M
1,남구(부산),성인,일반,58,관리자,참가증,20120607,F
1,남구(부산),성인,일반,48,관리자,참가증,20120607,F
1,원주,성인,일반,48,관리자,참가증,20120607,F
1,원주,성인,일반,57,관리자,참가증,20120607,F
1,원주,성인,일반,56,관리자,2등급,20120607,M
1,남구(부산),성인,일반,47,관리자,참가증,20120607,F
1,남구(부산),성인,일반,38,관리자,참가증,20120607,F
1,원주,성인,일반,29,관리자,참가증,20120607,F
1,남구(부산),성인,일반,43,관리자,참가증,20120607,M
1,남구(부산),성인,일반,26,관리자,참가증,20120607,F
1,남구(부산),성인,일반,52,관리자,참가증,20120607,F
1,광산,성인,일반,37,관리자,참가증,20120607,F
1,남구(부산),성인,일반,44,관리자,참가증,20120607,F
1,남구(부산),성인,일반,43,관리자,참가증,20120607,F
1,남구(부산),성인,일반,35,관리자,참가증,20120607,M
1,원주,성인,일반,53,관리자,참가증,20120607,F
1,광산,성인,일반,64,관리자,참가증,20120607,F
1,광산,성인,일반,51,관리자,참가증,20120607,F
1,남구(부산),성인,일반,45,관리자,참가증,20120607,F
1,남구(부산),성인,일반,35,관리자,3등급,20120607,F
1,원주,성인,일반,33,관리자,참가증,20120607,F
1,남구(부산),성인,일반,35,관리자,참가증,20120607,F
1,원주,성인,일반,26,관리자,참가증,20120607,F
1,원주,성인,일반,41,관리자,참가증,20120607,F
1,남구(부산),성인,일반,45,관리자,참가증,20120607,F
1,남구(부산),성인,일반,58,관리자,참가증,20120607,F
1,남구(부산),성인,일반,32,관리자,참가증,20120607,F
1,원주,성인,일반,46,관리자,참가증,20120607,F
1,광명,성인,일반,57,관리자,참가증,20120607,F
1,광명,성인,일반,29,관리자,참가증,20120607,F
1,광산,성인,일반,41,관리자,참가증,20120607,F
1,광명,성인,일반,30,관리자,참가증,20120607,F
1,남구(부산),성인,일반,53,관리자,3등급,20120607,F
1,광산,성인,일반,63,관리자,참가증,20120607,F
1,남구(부산),성인,일반,61,관리자,참가증,20120607,F
1,광명,성인,일반,45,관리자,3등급,20120607,F
1,원주,성인,일반,43,관리자,참가증,20120607,F
1,원주,성인,일반,47,관리자,3등급,20120607,M
1,원주,성인,일반,37,관리자,참가증,20120607,F
1,원주,성인,일반,42,관리자,참가증,20120607,F
1,광산,성인,일반,35,관리자,참가증,20120607,F
1,원주,성인,일반,42,관리자,3등급,20120607,M
1,원주,성인,일반,33,관리자,3등급,20120607,M
1,원주,성인,일반,36,관리자,참가증,20120607,F
1,남구(부산),성인,일반,45,관리자,참가증,20120607,F
1,원주,성인,일반,38,관리자,참가증,20120607,F
1,남구(부산),성인,일반,49,관리자,참가증,20120607,F
1,원주,성인,일반,46,관리자,참가증,20120607,F
1,광명,성인,일반,29,관리자,참가증,20120608,M
1,광산,성인,일반,36,기타,3등급,20120608,M
1,원주,성인,일반,38,관리자,참가증,20120608,F
1,광산,성인,일반,52,기타,2등급,20120608,M
1,광산,성인,일반,49,기타,참가증,20120608,F
1,광명,성인,일반,48,관리자,3등급,20120608,M
1,광명,성인,일반,33,관리자,참가증,20120608,M
1,원주,성인,일반,27,관리자,참가증,20120608,M
1,광산,성인,일반,48,관리자,3등급,20120608,F
1,남구(부산),성인,일반,58,관리자,참가증,20120608,F
1,남구(부산),성인,일반,59,관리자,참가증,20120608,M
1,남구(부산),성인,일반,40,관리자,참가증,20120608,F
1,원주,성인,일반,28,관리자,참가증,20120608,M
1,원주,성인,일반,34,관리자,참가증,20120608,F
1,광명,성인,일반,34,관리자,참가증,20120608,M
1,광명,성인,일반,53,관리자,참가증,20120608,M
1,광산,성인,일반,40,관리자,참가증,20120608,F
1,광산,성인,일반,35,관리자,참가증,20120608,F
1,남구(부산),성인,일반,48,관리자,참가증,20120608,F
1,광산,성인,일반,32,기타,3등급,20120608,F
1,원주,성인,일반,39,관리자,참가증,20120608,F
1,광명,성인,일반,32,관리자,참가증,20120608,F
1,광산,성인,일반,38,관리자,참가증,20120608,F
1,남구(부산),성인,일반,42,관리자,참가증,20120608,F
1,광명,성인,일반,33,관리자,참가증,20120608,F
1,광산,성인,일반,55,관리자,참가증,20120608,F
1,광명,성인,일반,62,관리자,참가증,20120608,F
1,원주,성인,일반,61,관리자,3등급,20120608,F
1,광명,성인,일반,25,관리자,참가증,20120608,M
1,광명,성인,일반,36,관리자,참가증,20120608,M
1,광명,성인,일반,35,관리자,참가증,20120608,F
1,광명,성인,일반,31,관리자,참가증,20120608,F
1,광명,성인,일반,34,관리자,참가증,20120608,F
1,남구(부산),성인,일반,57,관리자,참가증,20120608,F
1,남구(부산),성인,일반,54,관리자,2등급,20120608,M
1,원주,성인,일반,32,관리자,참가증,20120608,F
1,원주,성인,일반,63,관리자,2등급,20120608,M
1,남구(부산),성인,일반,49,관리자,참가증,20120608,F
1,남구(부산),성인,일반,57,관리자,참가증,20120608,M
1,남구(부산),성인,일반,53,관리자,참가증,20120608,F
1,남구(부산),성인,일반,62,관리자,참가증,20120608,F
1,원주,성인,일반,27,관리자,참가증,20120608,M
1,광산,성인,일반,24,관리자,참가증,20120608,F
1,원주,성인,일반,35,관리자,3등급,20120608,F
1,원주,성인,일반,59,관리자,참가증,20120608,F
1,원주,성인,일반,55,관리자,참가증,20120608,F
1,원주,성인,일반,53,관리자,참가증,20120608,F
1,남구(부산),성인,일반,48,관리자,참가증,20120608,F
1,광명,성인,일반,42,관리자,참가증,20120608,M
1,광명,성인,일반,55,관리자,3등급,20120608,F
1,광명,성인,일반,49,관리자,참가증,20120608,F
1,원주,성인,일반,37,관리자,1등급,20120608,F
1,남구(부산),성인,일반,41,관리자,2등급,20120609,M
1,남구(부산),성인,일반,40,관리자,참가증,20120609,M
1,남구(부산),성인,일반,40,관리자,참가증,20120609,F
1,남구(부산),성인,일반,54,관리자,3등급,20120609,M
1,남구(부산),성인,일반,52,관리자,참가증,20120609,F
1,남구(부산),성인,일반,42,관리자,3등급,20120609,F
1,남구(부산),성인,일반,36,관리자,참가증,20120609,M
1,남구(부산),성인,일반,37,관리자,참가증,20120609,F
1,남구(부산),성인,일반,44,관리자,참가증,20120609,F
1,남구(부산),성인,일반,44,관리자,참가증,20120609,F
1,남구(부산),성인,일반,41,관리자,3등급,20120609,M
1,남구(부산),성인,일반,55,관리자,3등급,20120609,F
1,남구(부산),성인,일반,43,관리자,참가증,20120609,F
1,남구(부산),성인,일반,43,관리자,3등급,20120609,F
1,남구(부산),성인,일반,40,관리자,참가증,20120609,F
1,광산,성인,일반,56,관리자,2등급,20120609,M
1,남구(부산),성인,일반,38,관리자,참가증,20120609,F
1,남구(부산),성인,일반,47,관리자,1등급,20120609,F
1,남구(부산),성인,일반,47,관리자,참가증,20120609,M
1,남구(부산),성인,일반,28,관리자,참가증,20120609,M
1,남구(부산),성인,일반,54,관리자,참가증,20120609,M
1,남구(부산),성인,일반,58,관리자,참가증,20120609,F
1,남구(부산),성인,일반,41,관리자,2등급,20120609,M
1,남구(부산),성인,일반,45,관리자,3등급,20120609,M
1,남구(부산),성인,일반,47,관리자,참가증,20120609,M
1,남구(부산),성인,일반,33,관리자,참가증,20120609,M
1,남구(부산),성인,일반,48,관리자,3등급,20120609,M
1,남구(부산),성인,일반,37,관리자,참가증,20120609,F
1,광명,성인,일반,33,기타,참가증,20120611,F
1,광산,성인,일반,63,기타,참가증,20120611,F
1,광명,성인,일반,20,기타,참가증,20120611,M
1,광명,성인,일반,20,관리자,참가증,20120611,M
1,광명,성인,일반,45,관리자,참가증,20120611,M
1,광명,성인,일반,20,기타,참가증,20120611,M
1,광명,성인,일반,58,기타,3등급,20120611,F
1,광명,성인,일반,43,관리자,참가증,20120611,M
1,광명,성인,일반,20,기타,참가증,20120611,M
1,원주,성인,일반,56,관리자,참가증,20120611,F
1,광산,성인,일반,40,기타,참가증,20120611,F
1,광산,성인,일반,62,관리자,참가증,20120611,F
1,원주,성인,일반,27,관리자,3등급,20120611,M
1,광명,성인,일반,39,관리자,3등급,20120611,F
1,원주,성인,일반,47,관리자,2등급,20120611,M
1,광명,성인,일반,20,기타,참가증,20120611,F
1,원주,성인,일반,37,관리자,참가증,20120611,F
1,광명,성인,일반,20,기타,참가증,20120611,M
1,광명,성인,일반,42,기타,참가증,20120611,F
1,광명,성인,일반,20,기타,참가증,20120611,M
1,광명,성인,일반,48,기타,3등급,20120611,F
1,광명,성인,일반,37,관리자,참가증,20120611,M
1,광명,성인,일반,64,관리자,참가증,20120611,F
1,광명,성인,일반,32,기타,참가증,20120611,F
1,광명,성인,일반,31,관리자,참가증,20120611,F
1,광명,성인,일반,20,기타,참가증,20120611,M
1,광명,성인,일반,20,기타,참가증,20120611,M
1,원주,성인,일반,40,관리자,참가증,20120611,M
1,광명,성인,일반,39,관리자,2등급,20120611,F
1,광산,성인,일반,27,관리자,참가증,20120611,F
1,광산,성인,일반,26,관리자,참가증,20120611,F
1,광산,성인,일반,29,관리자,참가증,20120611,F
1,원주,성인,일반,53,관리자,참가증,20120611,F
1,원주,성인,일반,28,관리자,3등급,20120611,M
1,원주,성인,일반,37,관리자,참가증,20120611,M
1,광명,성인,일반,30,관리자,참가증,20120611,M
1,광산,성인,일반,26,관리자,3등급,20120612,M
1,남구(부산),성인,일반,54,관리자,참가증,20120612,F
1,광명,성인,일반,56,관리자,참가증,20120612,M
1,원주,성인,일반,58,관리자,참가증,20120612,F
1,광명,성인,일반,58,관리자,참가증,20120612,F
1,광명,성인,일반,57,관리자,참가증,20120612,F
1,남구(부산),성인,일반,39,관리자,참가증,20120612,F
1,광산,성인,일반,26,관리자,참가증,20120612,M
1,광명,성인,일반,20,기타,참가증,20120612,M
1,광명,성인,일반,20,기타,참가증,20120612,M
1,광명,성인,일반,20,기타,참가증,20120612,M
1,광산,성인,일반,46,관리자,2등급,20120612,F
1,광명,성인,일반,20,기타,참가증,20120612,M
1,남구(부산),성인,일반,62,관리자,참가증,20120612,F
1,남구(부산),성인,일반,56,관리자,3등급,20120612,M
1,광명,성인,일반,55,관리자,참가증,20120612,F
1,광산,성인,일반,22,관리자,참가증,20120612,F
1,광산,성인,일반,24,관리자,참가증,20120612,M
1,남구(부산),성인,일반,41,관리자,참가증,20120612,F
1,광산,성인,일반,27,관리자,참가증,20120612,M
1,광명,성인,일반,57,관리자,참가증,20120612,F
1,남구(부산),성인,일반,51,관리자,참가증,20120612,F
1,광산,성인,일반,27,관리자,참가증,20120612,M
1,광명,성인,일반,54,관리자,참가증,20120612,F
1,광산,성인,일반,25,관리자,참가증,20120612,M
1,광산,성인,일반,27,관리자,참가증,20120612,M
1,광산,성인,일반,22,관리자,참가증,20120612,F
1,광산,성인,일반,23,관리자,참가증,20120612,F
1,남구(부산),성인,일반,50,관리자,참가증,20120612,M
1,광산,성인,일반,25,관리자,참가증,20120612,M
1,광산,성인,일반,27,관리자,참가증,20120612,M
1,광산,성인,일반,26,관리자,참가증,20120612,M
1,남구(부산),성인,일반,36,관리자,참가증,20120612,F
1,남구(부산),성인,일반,56,관리자,3등급,20120612,F
1,광산,성인,일반,27,관리자,참가증,20120612,M
1,광산,성인,일반,27,관리자,참가증,20120612,M
1,광산,성인,일반,25,관리자,참가증,20120612,M
1,광명,성인,일반,20,기타,참가증,20120612,M
1,남구(부산),성인,일반,57,관리자,참가증,20120612,F
1,원주,성인,일반,41,관리자,참가증,20120612,M
1,남구(부산),성인,일반,58,관리자,참가증,20120612,M
1,남구(부산),성인,일반,53,관리자,참가증,20120612,F
1,광산,성인,일반,27,관리자,참가증,20120612,M
1,광산,성인,일반,26,관리자,참가증,20120612,M
1,광산,성인,일반,25,관리자,참가증,20120612,M
1,광산,성인,일반,25,관리자,참가증,20120612,F
1,남구(부산),성인,일반,41,관리자,참가증,20120612,F
1,광산,성인,일반,56,기타,3등급,20120612,M
1,광산,성인,일반,46,기타,참가증,20120612,F
1,광명,성인,일반,52,기타,3등급,20120612,F
1,남구(부산),성인,일반,59,관리자,참가증,20120612,F
1,광산,성인,일반,26,관리자,참가증,20120612,M
1,광산,성인,일반,27,관리자,참가증,20120612,M
1,광명,성인,일반,29,관리자,참가증,20120612,F
1,원주,성인,일반,59,관리자,참가증,20120612,F
1,남구(부산),성인,일반,39,관리자,참가증,20120612,F
1,광산,성인,일반,37,기타,참가증,20120612,F
1,광산,성인,일반,39,기타,참가증,20120612,F
1,광산,성인,일반,26,관리자,2등급,20120612,M
1,남구(부산),성인,일반,40,관리자,참가증,20120612,F
1,광산,성인,일반,48,기타,참가증,20120612,F
1,남구(부산),성인,일반,47,관리자,참가증,20120612,F
1,남구(부산),성인,일반,60,관리자,2등급,20120612,M
1,광산,성인,일반,24,관리자,참가증,20120612,M
1,광산,성인,일반,22,관리자,참가증,20120612,F
1,광산,성인,일반,23,관리자,참가증,20120612,F
1,남구(부산),성인,일반,36,관리자,참가증,20120612,F
1,광산,성인,일반,52,기타,1등급,20120612,M
1,남구(부산),성인,일반,54,관리자,참가증,20120612,M
1,광산,성인,일반,23,관리자,참가증,20120612,F
1,광산,성인,일반,52,관리자,참가증,20120612,F
1,남구(부산),성인,일반,43,관리자,3등급,20120612,M
1,광산,성인,일반,23,관리자,참가증,20120612,M
1,광산,성인,일반,25,관리자,참가증,20120612,M
1,남구(부산),성인,일반,40,관리자,참가증,20120612,F
1,원주,성인,일반,43,관리자,3등급,20120612,F
1,광산,성인,일반,25,관리자,참가증,20120612,F
1,남구(부산),성인,일반,62,관리자,참가증,20120612,F
1,광산,성인,일반,22,관리자,3등급,20120612,F
1,남구(부산),성인,일반,52,관리자,3등급,20120612,F
1,광산,성인,일반,27,관리자,참가증,20120612,M
1,광산,성인,일반,62,관리자,3등급,20120612,M
1,광산,성인,일반,42,관리자,2등급,20120612,F
1,남구(부산),성인,일반,47,관리자,참가증,20120612,F
1,원주,성인,일반,45,관리자,참가증,20120612,F
1,원주,성인,일반,37,관리자,참가증,20120612,F
1,원주,성인,일반,36,관리자,참가증,20120612,M
1,원주,성인,일반,40,관리자,참가증,20120612,M
1,원주,성인,일반,34,관리자,참가증,20120612,F
1,광명,성인,일반,60,관리자,참가증,20120612,F
1,광명,성인,일반,21,관리자,3등급,20120612,F
1,광산,성인,일반,38,기타,참가증,20120612,F
1,광산,성인,일반,23,관리자,참가증,20120612,F
1,남구(부산),성인,일반,36,관리자,참가증,20120612,M
1,남구(부산),성인,일반,62,관리자,참가증,20120612,F
1,광산,성인,일반,21,관리자,참가증,20120612,F
1,광산,성인,일반,22,관리자,참가증,20120612,M
1,원주,성인,일반,55,관리자,참가증,20120612,F
1,남구(부산),성인,일반,34,관리자,2등급,20120612,F
1,남구(부산),성인,일반,50,관리자,참가증,20120612,F
1,남구(부산),성인,일반,62,관리자,3등급,20120612,M
1,원주,성인,일반,57,관리자,3등급,20120612,M
1,원주,성인,일반,52,관리자,3등급,20120612,F
1,광명,성인,일반,57,관리자,3등급,20120612,F
1,광산,성인,일반,26,관리자,참가증,20120612,M
1,원주,성인,일반,52,관리자,참가증,20120612,F
1,원주,성인,일반,50,관리자,참가증,20120612,F
1,광명,성인,일반,64,관리자,3등급,20120612,F
1,광명,성인,일반,58,관리자,참가증,20120612,F
1,남구(부산),성인,일반,47,관리자,3등급,20120612,F
1,원주,성인,일반,36,관리자,참가증,20120612,F
1,광산,성인,일반,39,기타,2등급,20120612,F
1,광산,성인,일반,60,기타,3등급,20120612,F
1,광명,성인,일반,20,기타,참가증,20120612,M
1,광명,성인,일반,20,기타,참가증,20120612,M
1,광산,성인,일반,46,기타,2등급,20120612,F
1,광산,성인,일반,47,기타,참가증,20120612,F
1,남구(부산),성인,일반,40,관리자,3등급,20120613,M
1,원주,성인,일반,63,관리자,참가증,20120613,M
1,광명,성인,일반,29,기타,참가증,20120613,F
1,원주,성인,일반,52,관리자,참가증,20120613,F
1,광명,성인,일반,55,관리자,참가증,20120613,F
1,남구(부산),성인,일반,39,관리자,참가증,20120613,F
1,원주,성인,일반,60,관리자,참가증,20120613,F
1,광명,성인,일반,58,관리자,참가증,20120613,F
1,광명,성인,일반,27,관리자,참가증,20120613,M
1,원주,성인,일반,25,관리자,1등급,20120613,M
1,광산,성인,일반,51,관리자,참가증,20120613,F
1,광산,성인,일반,53,관리자,참가증,20120613,F
1,원주,성인,일반,56,관리자,참가증,20120613,F
1,광산,성인,일반,59,관리자,참가증,20120613,F
1,원주,성인,일반,25,관리자,참가증,20120613,M
1,광명,성인,일반,55,관리자,3등급,20120613,F
1,원주,성인,일반,40,관리자,참가증,20120613,F
1,광명,성인,일반,36,관리자,참가증,20120613,F
1,광산,성인,일반,54,관리자,참가증,20120613,F
1,남구(부산),성인,일반,43,관리자,참가증,20120613,F
1,광명,성인,일반,49,관리자,3등급,20120613,F
1,광명,성인,일반,62,관리자,참가증,20120613,F
1,광명,성인,일반,48,관리자,참가증,20120613,F
1,원주,성인,일반,32,관리자,참가증,20120613,F
1,광명,성인,일반,46,관리자,참가증,20120613,F
1,남구(부산),성인,일반,59,관리자,참가증,20120613,F
1,남구(부산),성인,일반,55,관리자,참가증,20120613,F
1,광명,성인,일반,54,관리자,참가증,20120613,F
1,남구(부산),성인,일반,60,관리자,3등급,20120613,M
1,남구(부산),성인,일반,40,관리자,2등급,20120613,F
1,광명,성인,일반,41,관리자,참가증,20120613,F
1,원주,성인,일반,46,관리자,참가증,20120613,F
1,남구(부산),성인,일반,41,관리자,2등급,20120613,F
1,남구(부산),성인,일반,60,관리자,참가증,20120613,F
1,광산,성인,일반,55,기타,참가증,20120613,F
1,광명,성인,일반,30,기타,참가증,20120613,F
1,광명,성인,일반,34,기타,참가증,20120613,F
1,광명,성인,일반,53,관리자,2등급,20120613,F
1,광명,성인,일반,33,기타,참가증,20120613,F
1,광명,성인,일반,49,관리자,참가증,20120613,F
1,광명,성인,일반,50,관리자,참가증,20120613,F
1,원주,성인,일반,28,관리자,참가증,20120613,F
1,광명,성인,일반,60,관리자,참가증,20120613,F
1,원주,성인,일반,56,관리자,참가증,20120613,M
1,원주,성인,일반,24,관리자,참가증,20120613,M
1,원주,성인,일반,56,관리자,참가증,20120613,F
1,원주,성인,일반,56,관리자,참가증,20120613,F
1,남구(부산),성인,일반,54,관리자,3등급,20120613,F
1,원주,성인,일반,51,관리자,참가증,20120613,F
1,원주,성인,일반,54,관리자,참가증,20120613,F
1,원주,성인,일반,39,관리자,참가증,20120613,F
1,원주,성인,일반,26,관리자,참가증,20120613,M
1,원주,성인,일반,25,관리자,참가증,20120613,M
1,원주,성인,일반,27,관리자,참가증,20120613,M
1,원주,성인,일반,25,관리자,참가증,20120613,M
1,남구(부산),성인,일반,57,관리자,3등급,20120614,M
1,남구(부산),성인,일반,62,관리자,3등급,20120614,F
1,광명,성인,일반,45,관리자,참가증,20120614,F
1,광명,성인,일반,20,관리자,참가증,20120614,F
1,남구(부산),성인,일반,62,관리자,3등급,20120614,F
1,광명,성인,일반,48,관리자,참가증,20120614,F
1,광명,성인,일반,43,관리자,참가증,20120614,F
1,광명,성인,일반,41,관리자,참가증,20120614,F
1,광명,성인,일반,37,관리자,참가증,20120614,F
1,원주,성인,일반,39,관리자,2등급,20120614,M
1,원주,성인,일반,39,관리자,참가증,20120614,F
1,원주,성인,일반,40,관리자,참가증,20120614,F
1,원주,성인,일반,33,관리자,참가증,20120614,F
1,원주,성인,일반,37,관리자,2등급,20120614,F
1,원주,성인,일반,48,관리자,2등급,20120614,F
1,남구(부산),성인,일반,57,관리자,참가증,20120614,F
1,남구(부산),성인,일반,62,관리자,참가증,20120614,M
1,남구(부산),성인,일반,62,관리자,3등급,20120614,M
1,남구(부산),성인,일반,50,관리자,참가증,20120614,F
1,광명,성인,일반,44,관리자,참가증,20120614,F
1,남구(부산),성인,일반,37,관리자,3등급,20120614,F
1,남구(부산),성인,일반,35,관리자,참가증,20120614,F
1,남구(부산),성인,일반,59,관리자,참가증,20120614,F
1,광명,성인,일반,36,관리자,참가증,20120614,F
1,원주,성인,일반,38,관리자,2등급,20120614,F
1,원주,성인,일반,24,관리자,참가증,20120614,F
1,광산,성인,일반,21,관리자,참가증,20120614,F
1,원주,성인,일반,51,관리자,참가증,20120614,F
1,원주,성인,일반,45,관리자,참가증,20120614,M
1,원주,성인,일반,31,관리자,참가증,20120614,M
1,광명,성인,일반,32,기타,3등급,20120614,M
1,광산,성인,일반,34,기타,참가증,20120614,F
1,광명,성인,일반,41,관리자,3등급,20120614,F
1,광명,성인,일반,32,기타,3등급,20120614,F
1,광명,성인,일반,31,기타,3등급,20120614,F
1,남구(부산),성인,일반,55,관리자,3등급,20120614,M
1,원주,성인,일반,53,관리자,참가증,20120614,F
1,광명,성인,일반,29,기타,3등급,20120614,M
1,남구(부산),성인,일반,51,관리자,참가증,20120614,F
1,광명,성인,일반,55,관리자,참가증,20120614,F
1,원주,성인,일반,40,관리자,참가증,20120614,M
1,남구(부산),성인,일반,44,관리자,참가증,20120614,M
1,남구(부산),성인,일반,33,관리자,참가증,20120614,F
1,남구(부산),성인,일반,35,관리자,참가증,20120614,F
1,남구(부산),성인,일반,58,관리자,참가증,20120614,F
1,원주,성인,일반,44,관리자,2등급,20120614,F
1,원주,성인,일반,22,관리자,참가증,20120614,F
1,광산,성인,일반,35,관리자,참가증,20120614,F
1,원주,성인,일반,54,관리자,1등급,20120614,M
1,남구(부산),성인,일반,52,관리자,참가증,20120614,F
1,광산,성인,일반,32,관리자,참가증,20120614,F
1,남구(부산),성인,일반,55,관리자,참가증,20120614,F
1,원주,성인,일반,30,관리자,참가증,20120614,M
1,원주,성인,일반,39,관리자,참가증,20120614,F
1,원주,성인,일반,32,관리자,참가증,20120614,F
1,원주,성인,일반,45,관리자,2등급,20120614,M
1,남구(부산),성인,일반,60,관리자,3등급,20120614,F
1,광명,성인,일반,33,기타,참가증,20120614,M
1,광산,성인,일반,26,기타,참가증,20120614,F
1,광산,성인,일반,42,관리자,참가증,20120614,F
1,남구(부산),성인,일반,61,관리자,3등급,20120614,M
1,남구(부산),성인,일반,56,관리자,참가증,20120614,M
1,광산,성인,일반,40,관리자,참가증,20120614,F
1,원주,성인,일반,52,관리자,참가증,20120614,F
1,광산,성인,일반,33,기타,2등급,20120614,F
1,남구(부산),성인,일반,41,관리자,참가증,20120615,F
1,남구(부산),성인,일반,54,관리자,참가증,20120615,F
1,남구(부산),성인,일반,39,관리자,참가증,20120615,F
1,원주,성인,일반,47,관리자,2등급,20120615,M
1,원주,성인,일반,52,관리자,참가증,20120615,F
1,남구(부산),성인,일반,26,관리자,참가증,20120615,F
1,남구(부산),성인,일반,34,관리자,참가증,20120615,F
1,남구(부산),성인,일반,51,관리자,참가증,20120615,M
1,남구(부산),성인,일반,38,관리자,참가증,20120615,M
1,원주,성인,일반,43,관리자,참가증,20120615,M
1,원주,성인,일반,55,관리자,참가증,20120615,F
1,원주,성인,일반,42,관리자,참가증,20120615,F
1,원주,성인,일반,34,관리자,참가증,20120615,F
1,원주,성인,일반,41,관리자,참가증,20120615,F
1,원주,성인,일반,41,관리자,2등급,20120615,F
1,광산,성인,일반,33,관리자,참가증,20120615,M
1,남구(부산),성인,일반,33,관리자,참가증,20120615,F
1,남구(부산),성인,일반,39,관리자,참가증,20120615,F
1,남구(부산),성인,일반,40,관리자,참가증,20120615,M
1,광명,성인,일반,49,관리자,참가증,20120615,F
1,남구(부산),성인,일반,62,관리자,3등급,20120615,M
1,남구(부산),성인,일반,61,관리자,참가증,20120615,F
1,원주,성인,일반,40,관리자,2등급,20120615,F
1,남구(부산),성인,일반,48,관리자,3등급,20120615,M
1,광명,성인,일반,51,관리자,1등급,20120615,F
1,광명,성인,일반,31,기타,참가증,20120615,F
1,광명,성인,일반,30,기타,참가증,20120615,F
1,광명,성인,일반,27,기타,참가증,20120615,M
1,광명,성인,일반,28,기타,참가증,20120615,M
1,남구(부산),성인,일반,43,관리자,3등급,20120615,F
1,남구(부산),성인,일반,47,관리자,참가증,20120615,F
1,남구(부산),성인,일반,62,관리자,3등급,20120615,M
1,광산,성인,일반,56,관리자,참가증,20120615,F
1,원주,성인,일반,26,관리자,참가증,20120615,M
1,남구(부산),성인,일반,62,관리자,3등급,20120615,F
1,광산,성인,일반,22,관리자,참가증,20120615,F
1,광산,성인,일반,55,관리자,참가증,20120615,F
1,광명,성인,일반,48,관리자,참가증,20120615,F
1,광명,성인,일반,57,관리자,참가증,20120615,M
1,원주,성인,일반,45,관리자,3등급,20120615,F
1,광산,성인,일반,22,관리자,참가증,20120615,F
1,남구(부산),성인,일반,53,관리자,참가증,20120615,F
1,남구(부산),성인,일반,39,관리자,참가증,20120615,F
1,남구(부산),성인,일반,58,관리자,3등급,20120615,F
1,광산,성인,일반,39,관리자,참가증,20120615,F
1,광산,성인,일반,55,관리자,참가증,20120615,F
1,원주,성인,일반,39,관리자,참가증,20120615,F
1,원주,성인,일반,53,관리자,참가증,20120615,F
1,광명,성인,일반,55,관리자,참가증,20120615,F
1,광명,성인,일반,58,기타,참가증,20120615,M
1,광산,성인,일반,54,관리자,참가증,20120615,F
1,원주,성인,일반,56,관리자,참가증,20120615,F
1,광명,성인,일반,44,관리자,참가증,20120615,F
1,광명,성인,일반,25,기타,참가증,20120615,M
1,광명,성인,일반,33,기타,3등급,20120615,M
1,남구(부산),성인,일반,37,관리자,참가증,20120615,F
1,남구(부산),성인,일반,54,관리자,3등급,20120615,F
1,남구(부산),성인,일반,52,관리자,참가증,20120615,F
1,광명,성인,일반,31,관리자,참가증,20120615,F
1,광명,성인,일반,46,관리자,참가증,20120615,F
1,남구(부산),성인,일반,58,관리자,3등급,20120615,M
1,원주,성인,일반,33,관리자,참가증,20120615,F
1,남구(부산),성인,일반,64,관리자,3등급,20120615,F
1,남구(부산),성인,일반,62,관리자,참가증,20120615,M
1,남구(부산),성인,일반,63,관리자,참가증,20120615,M
1,광명,성인,일반,55,기타,참가증,20120615,M
1,남구(부산),성인,일반,39,관리자,3등급,20120615,M
1,광명,성인,일반,34,기타,참가증,20120615,F
1,광명,성인,일반,52,관리자,참가증,20120615,F
1,광명,성인,일반,26,기타,참가증,20120615,M
1,남구(부산),성인,일반,58,관리자,참가증,20120615,F
1,광명,성인,일반,22,기타,참가증,20120615,M
1,남구(부산),성인,일반,37,관리자,참가증,20120615,F
1,남구(부산),성인,일반,30,관리자,참가증,20120615,M
1,광산,성인,일반,59,관리자,참가증,20120615,F
1,광산,성인,일반,45,관리자,2등급,20120615,F
1,광명,성인,일반,32,기타,참가증,20120615,F
1,광산,성인,일반,51,관리자,참가증,20120615,F
1,광산,성인,일반,39,관리자,참가증,20120615,M
1,원주,성인,일반,29,관리자,참가증,20120615,F
1,광명,성인,일반,38,관리자,참가증,20120615,F
1,남구(부산),성인,일반,61,관리자,참가증,20120616,F
1,광산,성인,일반,44,기타,3등급,20120616,M
1,광산,성인,일반,38,기타,3등급,20120616,M
1,남구(부산),성인,일반,57,관리자,참가증,20120616,F
1,광산,성인,일반,24,기타,3등급,20120616,M
1,남구(부산),성인,일반,55,관리자,참가증,20120616,M
1,광산,성인,일반,36,기타,참가증,20120616,M
1,광산,성인,일반,29,기타,참가증,20120616,M
1,남구(부산),성인,일반,63,관리자,3등급,20120616,M
1,남구(부산),성인,일반,45,관리자,3등급,20120616,F
1,남구(부산),성인,일반,60,관리자,참가증,20120616,M
1,남구(부산),성인,일반,29,관리자,참가증,20120616,M
1,광산,성인,일반,30,기타,참가증,20120616,M
1,광산,성인,일반,28,기타,참가증,20120616,M
1,남구(부산),성인,일반,31,관리자,참가증,20120616,F
1,남구(부산),성인,일반,37,관리자,3등급,20120616,M
1,남구(부산),성인,일반,32,관리자,3등급,20120616,F
1,광산,성인,일반,24,기타,참가증,20120616,M
1,남구(부산),성인,일반,59,관리자,참가증,20120616,M
1,남구(부산),성인,일반,28,관리자,3등급,20120616,F
1,남구(부산),성인,일반,45,관리자,참가증,20120616,M
1,남구(부산),성인,일반,44,관리자,3등급,20120616,M
1,남구(부산),성인,일반,51,관리자,3등급,20120616,M
1,광산,성인,일반,45,기타,3등급,20120616,M
1,남구(부산),성인,일반,59,관리자,3등급,20120616,M
1,남구(부산),성인,일반,60,관리자,참가증,20120616,M
1,남구(부산),성인,일반,26,관리자,3등급,20120616,F
1,광산,성인,일반,29,기타,참가증,20120616,M
1,남구(부산),성인,일반,41,관리자,참가증,20120616,M
1,남구(부산),성인,일반,58,관리자,3등급,20120616,M
1,남구(부산),성인,일반,53,관리자,3등급,20120616,F
1,남구(부산),성인,일반,62,관리자,참가증,20120616,F
1,남구(부산),성인,일반,56,관리자,3등급,20120616,F
1,남구(부산),성인,일반,63,관리자,참가증,20120616,M
1,광산,성인,일반,29,기타,참가증,20120616,M
1,광산,성인,일반,31,기타,3등급,20120616,M
1,광산,성인,일반,43,기타,참가증,20120616,M
1,남구(부산),성인,일반,64,관리자,3등급,20120616,M
1,남구(부산),성인,일반,48,관리자,참가증,20120616,M
1,남구(부산),성인,일반,20,관리자,참가증,20120616,F
1,남구(부산),성인,일반,57,관리자,참가증,20120616,M
1,남구(부산),성인,일반,47,관리자,3등급,20120616,M
1,남구(부산),성인,일반,61,관리자,3등급,20120616,M
1,남구(부산),성인,일반,57,관리자,참가증,20120616,M
1,광산,성인,일반,24,기타,참가증,20120616,M
1,광산,성인,일반,38,기타,3등급,20120616,M
1,광산,성인,일반,32,기타,3등급,20120616,M
1,광산,성인,일반,31,기타,3등급,20120616,M
1,광산,성인,일반,29,기타,3등급,20120616,M
1,남구(부산),성인,일반,64,관리자,참가증,20120616,F
1,남구(부산),성인,일반,64,관리자,3등급,20120616,M
1,남구(부산),성인,일반,57,관리자,참가증,20120616,M
1,광산,성인,일반,31,기타,3등급,20120616,M
1,광산,성인,일반,28,기타,참가증,20120616,M
1,남구(부산),성인,일반,37,관리자,참가증,20120616,F
1,남구(부산),성인,일반,51,관리자,3등급,20120616,M
1,남구(부산),성인,일반,22,관리자,참가증,20120616,F
1,남구(부산),성인,일반,20,관리자,3등급,20120616,F
1,남구(부산),성인,일반,40,관리자,참가증,20120616,F
1,광산,성인,일반,39,기타,참가증,20120616,M
1,광산,성인,일반,24,기타,참가증,20120616,M
1,남구(부산),성인,일반,54,관리자,참가증,20120616,F
1,남구(부산),성인,일반,60,관리자,참가증,20120616,F
1,남구(부산),성인,일반,56,관리자,3등급,20120616,F
1,남구(부산),성인,일반,64,관리자,참가증,20120616,M
1,남구(부산),성인,일반,56,관리자,참가증,20120616,M
1,남구(부산),성인,일반,56,관리자,참가증,20120616,F
1,남구(부산),성인,일반,40,관리자,참가증,20120618,M
1,광명,성인,일반,41,관리자,참가증,20120618,F
1,광명,성인,일반,64,기타,참가증,20120618,F
1,광명,성인,일반,42,기타,3등급,20120618,M
1,남구(부산),성인,일반,58,관리자,3등급,20120618,M
1,광산,성인,일반,59,기타,참가증,20120618,F
1,광명,성인,일반,39,기타,3등급,20120618,F
1,광명,성인,일반,32,기타,3등급,20120618,F
1,광명,성인,일반,31,기타,참가증,20120618,M
1,남구(부산),성인,일반,58,관리자,참가증,20120618,F
1,남구(부산),성인,일반,55,관리자,3등급,20120618,F
1,광산,성인,일반,35,기타,참가증,20120618,F
1,남구(부산),성인,일반,43,관리자,3등급,20120618,F
1,원주,성인,일반,63,관리자,참가증,20120618,M
1,광명,성인,일반,57,관리자,참가증,20120618,F
1,원주,성인,일반,25,관리자,참가증,20120618,M
1,원주,성인,일반,42,관리자,1등급,20120618,F
1,원주,성인,일반,58,관리자,3등급,20120618,F
1,남구(부산),성인,일반,41,관리자,3등급,20120618,F
1,광명,성인,일반,41,관리자,3등급,20120618,F
1,남구(부산),성인,일반,51,관리자,3등급,20120618,F
1,광명,성인,일반,56,관리자,참가증,20120618,F
1,원주,성인,일반,46,관리자,3등급,20120618,F
1,남구(부산),성인,일반,57,관리자,3등급,20120618,M
1,광명,성인,일반,58,관리자,참가증,20120618,F
1,광명,성인,일반,51,관리자,2등급,20120618,F
1,광명,성인,일반,63,관리자,참가증,20120618,F
1,원주,성인,일반,49,관리자,3등급,20120618,M
1,남구(부산),성인,일반,48,관리자,3등급,20120618,F
1,남구(부산),성인,일반,63,관리자,참가증,20120618,F
1,원주,성인,일반,40,관리자,참가증,20120618,F
1,광명,성인,일반,59,관리자,참가증,20120618,F
1,광명,성인,일반,46,관리자,참가증,20120618,M
1,광명,성인,일반,37,기타,참가증,20120618,M
1,광명,성인,일반,55,관리자,참가증,20120618,F
1,원주,성인,일반,37,관리자,참가증,20120618,F
1,원주,성인,일반,46,관리자,참가증,20120619,F
1,남구(부산),성인,일반,44,관리자,3등급,20120619,F
1,남구(부산),성인,일반,42,관리자,3등급,20120619,M
1,남구(부산),성인,일반,40,관리자,참가증,20120619,F
1,원주,성인,일반,40,관리자,참가증,20120619,F
1,광산,성인,일반,49,기타,1등급,20120619,F
1,광산,성인,일반,62,관리자,참가증,20120619,F
1,광산,성인,일반,51,관리자,2등급,20120619,M
1,광산,성인,일반,55,기타,2등급,20120619,F
1,광명,성인,일반,54,기타,참가증,20120619,F
1,광명,성인,일반,54,관리자,참가증,20120619,F
1,광명,성인,일반,32,기타,참가증,20120619,M
1,원주,성인,일반,37,관리자,2등급,20120619,F
1,남구(부산),성인,일반,62,관리자,참가증,20120619,M
1,원주,성인,일반,44,관리자,3등급,20120619,M
1,원주,성인,일반,39,관리자,참가증,20120619,F
1,원주,성인,일반,39,관리자,참가증,20120619,F
1,광명,성인,일반,41,관리자,참가증,20120619,F
1,광산,성인,일반,63,기타,3등급,20120619,F
1,남구(부산),성인,일반,30,관리자,3등급,20120619,F
1,원주,성인,일반,54,관리자,참가증,20120619,F
1,광산,성인,일반,49,기타,참가증,20120619,F
1,남구(부산),성인,일반,45,관리자,3등급,20120619,F
1,남구(부산),성인,일반,55,관리자,참가증,20120619,F
1,남구(부산),성인,일반,46,관리자,3등급,20120619,F
1,광명,성인,일반,60,관리자,참가증,20120619,F
1,광명,성인,일반,60,관리자,참가증,20120619,F
1,광명,성인,일반,60,관리자,참가증,20120619,F
1,남구(부산),성인,일반,37,관리자,3등급,20120619,F
1,남구(부산),성인,일반,52,관리자,2등급,20120619,F
1,광명,성인,일반,55,관리자,참가증,20120619,F
1,광명,성인,일반,33,관리자,참가증,20120619,F
1,원주,성인,일반,63,관리자,3등급,20120619,M
1,광산,성인,일반,56,관리자,참가증,20120619,F
1,광산,성인,일반,33,관리자,참가증,20120619,F
1,광명,성인,일반,63,관리자,참가증,20120619,F
1,광명,성인,일반,57,관리자,참가증,20120619,F
1,광명,성인,일반,52,관리자,참가증,20120619,F
1,광명,성인,일반,54,관리자,참가증,20120619,F
1,원주,성인,일반,52,관리자,참가증,20120619,M
1,원주,성인,일반,43,관리자,참가증,20120619,F
1,원주,성인,일반,55,관리자,참가증,20120619,F
1,광명,성인,일반,59,관리자,참가증,20120619,F
1,원주,성인,일반,36,관리자,참가증,20120619,M
1,광명,성인,일반,32,관리자,참가증,20120619,F
1,광산,성인,일반,64,기타,3등급,20120619,F
1,광산,성인,일반,38,기타,참가증,20120619,F
1,광산,성인,일반,44,기타,참가증,20120619,F
1,광산,성인,일반,57,기타,3등급,20120619,F
1,광산,성인,일반,40,기타,참가증,20120619,F
1,광산,성인,일반,35,기타,참가증,20120619,F
1,광산,성인,일반,64,기타,참가증,20120619,F
1,광산,성인,일반,22,기타,참가증,20120619,F
1,남구(부산),성인,일반,44,관리자,3등급,20120619,F
1,남구(부산),성인,일반,56,관리자,참가증,20120619,F
1,광명,성인,일반,42,기타,3등급,20120619,M
1,원주,성인,일반,42,관리자,참가증,20120619,F
1,원주,성인,일반,46,관리자,참가증,20120619,F
1,광산,성인,일반,23,기타,참가증,20120619,F
1,광명,성인,일반,62,관리자,3등급,20120619,F
1,광산,성인,일반,58,기타,3등급,20120619,F
1,광명,성인,일반,43,기타,참가증,20120619,M
1,남구(부산),성인,일반,44,관리자,3등급,20120619,F
1,광산,성인,일반,56,관리자,참가증,20120619,F
1,광명,성인,일반,51,관리자,참가증,20120619,F
1,광명,성인,일반,59,관리자,참가증,20120619,F
1,광명,성인,일반,52,관리자,2등급,20120619,F
1,광산,성인,일반,51,관리자,참가증,20120619,M
1,남구(부산),성인,일반,47,관리자,참가증,20120619,F
1,남구(부산),성인,일반,62,관리자,참가증,20120619,F
1,광명,성인,일반,48,기타,참가증,20120619,F
1,원주,성인,일반,55,관리자,참가증,20120619,F
1,원주,성인,일반,47,관리자,2등급,20120619,M
1,광명,성인,일반,32,관리자,참가증,20120619,F
1,광산,성인,일반,34,기타,참가증,20120619,F
1,남구(부산),성인,일반,55,관리자,참가증,20120619,F
1,남구(부산),성인,일반,25,관리자,참가증,20120620,F
1,광명,성인,일반,41,관리자,참가증,20120620,F
1,남구(부산),성인,일반,45,관리자,참가증,20120620,F
1,남구(부산),성인,일반,43,관리자,참가증,20120620,F
1,남구(부산),성인,일반,57,관리자,참가증,20120620,F
1,원주,성인,일반,24,관리자,참가증,20120620,F
1,광명,성인,일반,55,관리자,참가증,20120620,M
1,광명,성인,일반,53,관리자,참가증,20120620,F
1,광명,성인,일반,38,관리자,참가증,20120620,F
1,남구(부산),성인,일반,64,관리자,3등급,20120620,F
1,원주,성인,일반,40,관리자,참가증,20120620,F
1,광명,성인,일반,38,기타,참가증,20120620,M
1,광산,성인,일반,28,관리자,2등급,20120620,M
1,광명,성인,일반,38,기타,참가증,20120620,M
1,광명,성인,일반,29,기타,참가증,20120620,M
1,광명,성인,일반,39,기타,참가증,20120620,M
1,광명,성인,일반,35,관리자,참가증,20120620,F
1,원주,성인,일반,25,관리자,참가증,20120620,M
1,광명,성인,일반,57,관리자,참가증,20120620,F
1,광명,성인,일반,53,관리자,참가증,20120620,F
1,광명,성인,일반,45,관리자,참가증,20120620,F
1,광산,성인,일반,27,기타,참가증,20120620,M
1,원주,성인,일반,33,관리자,3등급,20120620,F
1,남구(부산),성인,일반,45,관리자,참가증,20120620,F
1,원주,성인,일반,41,관리자,3등급,20120620,F
1,광명,성인,일반,33,기타,참가증,20120620,M
1,광명,성인,일반,53,관리자,참가증,20120620,F
1,광명,성인,일반,33,기타,3등급,20120620,M
1,원주,성인,일반,25,관리자,참가증,20120620,M
1,광명,성인,일반,32,기타,참가증,20120620,M
1,광명,성인,일반,51,관리자,참가증,20120620,F
1,남구(부산),성인,일반,31,관리자,참가증,20120620,F
1,광명,성인,일반,52,관리자,3등급,20120620,F
1,원주,성인,일반,51,관리자,1등급,20120620,F
1,남구(부산),성인,일반,62,관리자,참가증,20120620,F
1,원주,성인,일반,24,관리자,참가증,20120620,M
1,원주,성인,일반,52,관리자,참가증,20120620,F
1,광산,성인,일반,22,기타,3등급,20120620,M
1,광산,성인,일반,19,기타,참가증,20120620,M
1,원주,성인,일반,44,관리자,참가증,20120620,F
1,광명,성인,일반,28,관리자,참가증,20120620,M
1,남구(부산),성인,일반,53,관리자,참가증,20120620,F
1,광명,성인,일반,50,관리자,참가증,20120620,F
1,광산,성인,일반,30,기타,2등급,20120620,M
1,광산,성인,일반,40,기타,2등급,20120620,F
1,광명,성인,일반,33,관리자,참가증,20120620,F
1,원주,성인,일반,24,관리자,참가증,20120620,M
1,원주,성인,일반,26,관리자,참가증,20120620,F
1,남구(부산),성인,일반,61,관리자,3등급,20120620,F
1,원주,성인,일반,47,관리자,참가증,20120620,F
1,광명,성인,일반,43,관리자,3등급,20120620,F
1,광명,성인,일반,57,관리자,참가증,20120620,F
1,광산,성인,일반,46,관리자,참가증,20120620,F
1,원주,성인,일반,53,관리자,3등급,20120620,F
1,남구(부산),성인,일반,63,관리자,참가증,20120620,M
1,광명,성인,일반,44,관리자,3등급,20120620,F
1,남구(부산),성인,일반,21,관리자,3등급,20120620,F
1,원주,성인,일반,64,관리자,참가증,20120620,M
1,남구(부산),성인,일반,57,관리자,참가증,20120620,F
1,광산,성인,일반,64,관리자,참가증,20120620,F
1,광산,성인,일반,57,기타,참가증,20120621,F
1,원주,성인,일반,57,기타,3등급,20120621,F
1,광명,성인,일반,57,관리자,3등급,20120621,F
1,원주,성인,일반,51,관리자,참가증,20120621,M
1,광산,성인,일반,56,기타,참가증,20120621,F
2,광산,성인,일반,30,기타,2등급,20120621,M
1,광명,성인,일반,45,기타,참가증,20120621,F
1,광명,성인,일반,43,기타,참가증,20120621,M
1,광명,성인,일반,37,기타,참가증,20120621,M
1,원주,성인,일반,27,관리자,참가증,20120621,F
1,원주,성인,일반,42,관리자,참가증,20120621,F
1,광명,성인,일반,52,기타,참가증,20120621,M
1,광명,성인,일반,48,기타,참가증,20120621,M
1,남구(부산),성인,일반,52,관리자,3등급,20120621,F
1,남구(부산),성인,일반,54,관리자,참가증,20120621,F
1,원주,성인,일반,31,관리자,참가증,20120621,F
1,원주,성인,일반,56,관리자,참가증,20120621,M
1,원주,성인,일반,53,관리자,참가증,20120621,F
1,원주,성인,일반,27,관리자,참가증,20120621,F
1,원주,성인,일반,53,관리자,참가증,20120621,M
1,원주,성인,일반,29,관리자,참가증,20120621,F
1,광산,성인,일반,53,관리자,3등급,20120621,M
1,원주,성인,일반,42,관리자,참가증,20120621,F
1,광명,성인,일반,49,관리자,참가증,20120621,F
1,광산,성인,일반,50,관리자,참가증,20120621,F
1,원주,성인,일반,25,관리자,참가증,20120621,M
1,원주,성인,일반,47,관리자,참가증,20120621,F
1,광산,성인,일반,30,관리자,3등급,20120621,F
1,광명,성인,일반,47,관리자,참가증,20120621,F
1,원주,성인,일반,47,관리자,참가증,20120621,F
1,원주,성인,일반,39,관리자,참가증,20120621,F
1,원주,성인,일반,42,관리자,참가증,20120621,F
1,광명,성인,일반,31,기타,참가증,20120621,M
1,원주,성인,일반,37,관리자,3등급,20120621,F
1,남구(부산),성인,일반,33,관리자,3등급,20120621,F
1,원주,성인,일반,55,관리자,참가증,20120621,M
1,원주,성인,일반,39,관리자,참가증,20120621,F
1,원주,성인,일반,47,관리자,참가증,20120621,F
1,광산,성인,일반,44,기타,2등급,20120621,F
1,원주,성인,일반,52,관리자,참가증,20120621,F
1,광명,성인,일반,40,기타,3등급,20120621,M
1,원주,성인,일반,34,관리자,참가증,20120621,F
1,광명,성인,일반,49,관리자,참가증,20120621,F
1,원주,성인,일반,59,관리자,3등급,20120621,F
1,원주,성인,일반,50,관리자,참가증,20120621,F
1,원주,성인,일반,46,관리자,참가증,20120621,F
1,남구(부산),성인,일반,34,관리자,참가증,20120621,F
1,광명,성인,일반,64,관리자,참가증,20120621,F
1,남구(부산),성인,일반,37,관리자,참가증,20120621,F
1,남구(부산),성인,일반,41,관리자,참가증,20120621,F
1,남구(부산),성인,일반,60,관리자,참가증,20120621,F
1,남구(부산),성인,일반,21,관리자,참가증,20120621,F
1,원주,성인,일반,35,관리자,참가증,20120621,F
2,광산,성인,일반,27,기타,참가증,20120621,M
1,광명,성인,일반,34,기타,참가증,20120621,M
1,광명,성인,일반,38,기타,참가증,20120621,M
1,남구(부산),성인,일반,33,관리자,참가증,20120621,F
1,원주,성인,일반,45,관리자,참가증,20120621,F
1,원주,성인,일반,37,관리자,2등급,20120621,M
1,원주,성인,일반,36,관리자,참가증,20120621,F
1,원주,성인,일반,46,관리자,참가증,20120621,M
1,원주,성인,일반,45,관리자,참가증,20120621,M
1,광산,성인,일반,24,관리자,참가증,20120621,F
1,원주,성인,일반,43,관리자,2등급,20120621,F
1,광산,성인,일반,44,관리자,2등급,20120621,F
1,광명,성인,일반,52,관리자,참가증,20120621,M
1,광명,성인,일반,53,관리자,참가증,20120621,F
1,원주,성인,일반,60,관리자,참가증,20120621,F
1,원주,성인,일반,27,관리자,참가증,20120621,F
1,원주,성인,일반,42,관리자,참가증,20120621,F
1,원주,성인,일반,48,관리자,3등급,20120621,M
1,원주,성인,일반,42,관리자,참가증,20120621,M
1,남구(부산),성인,일반,53,관리자,참가증,20120621,F
1,남구(부산),성인,일반,55,관리자,2등급,20120622,M
1,원주,성인,일반,21,관리자,참가증,20120622,M
1,원주,성인,일반,50,관리자,참가증,20120622,F
1,원주,성인,일반,24,관리자,참가증,20120622,F
1,원주,성인,일반,42,관리자,참가증,20120622,F
1,원주,성인,일반,21,관리자,참가증,20120622,F
1,원주,성인,일반,52,관리자,참가증,20120622,M
1,원주,성인,일반,54,관리자,3등급,20120622,F
1,원주,성인,일반,40,관리자,참가증,20120622,F
1,원주,성인,일반,21,관리자,참가증,20120622,F
1,원주,성인,일반,21,관리자,3등급,20120622,F
1,원주,성인,일반,20,관리자,참가증,20120622,F
1,원주,성인,일반,21,관리자,3등급,20120622,M
1,원주,성인,일반,26,관리자,참가증,20120622,F
1,광명,성인,일반,53,기타,참가증,20120622,F
1,광명,성인,일반,45,기타,참가증,20120622,F
1,광명,성인,일반,55,기타,3등급,20120622,F
1,광명,성인,일반,62,기타,참가증,20120622,F
1,광명,성인,일반,53,기타,참가증,20120622,F
1,광명,성인,일반,56,기타,참가증,20120622,F
1,광명,성인,일반,52,기타,참가증,20120622,M
1,광명,성인,일반,48,기타,참가증,20120622,F
1,원주,성인,일반,57,관리자,참가증,20120622,M
1,광산,성인,일반,54,관리자,참가증,20120622,F
1,광명,성인,일반,56,관리자,3등급,20120622,F
1,남구(부산),성인,일반,35,관리자,참가증,20120622,F
1,원주,성인,일반,35,관리자,참가증,20120622,F
1,광명,성인,일반,19,관리자,참가증,20120622,M
1,광명,성인,일반,47,기타,참가증,20120622,F
1,광명,성인,일반,42,기타,참가증,20120622,M
1,남구(부산),성인,일반,31,관리자,참가증,20120622,F
1,광명,성인,일반,51,기타,참가증,20120622,M
1,원주,성인,일반,47,관리자,참가증,20120622,F
1,원주,성인,일반,54,관리자,참가증,20120622,F
1,광명,성인,일반,38,관리자,참가증,20120622,M
1,남구(부산),성인,일반,35,관리자,참가증,20120622,F
1,광산,성인,일반,50,관리자,참가증,20120622,F
1,광산,성인,일반,28,관리자,참가증,20120622,M
1,원주,성인,일반,47,관리자,참가증,20120622,F
1,원주,성인,일반,51,관리자,참가증,20120622,F
1,남구(부산),성인,일반,35,관리자,참가증,20120622,M
1,광명,성인,일반,37,관리자,참가증,20120622,F
1,원주,성인,일반,55,관리자,참가증,20120622,F
1,원주,성인,일반,21,관리자,3등급,20120622,M
1,남구(부산),성인,일반,54,관리자,2등급,20120622,F
1,원주,성인,일반,52,관리자,참가증,20120622,F
1,남구(부산),성인,일반,41,관리자,참가증,20120622,F
1,원주,성인,일반,27,관리자,참가증,20120622,F
1,원주,성인,일반,41,관리자,참가증,20120622,F
1,광명,성인,일반,31,관리자,참가증,20120622,F
1,원주,성인,일반,32,관리자,참가증,20120622,F
1,원주,성인,일반,48,관리자,참가증,20120622,F
1,남구(부산),성인,일반,54,관리자,1등급,20120622,F
1,남구(부산),성인,일반,42,관리자,참가증,20120622,F
1,남구(부산),성인,일반,61,관리자,2등급,20120622,M
1,남구(부산),성인,일반,50,관리자,2등급,20120622,F
1,남구(부산),성인,일반,33,관리자,참가증,20120622,F
1,광명,성인,일반,49,관리자,참가증,20120622,M
1,남구(부산),성인,일반,34,관리자,참가증,20120622,F
1,남구(부산),성인,일반,64,관리자,참가증,20120622,M
1,원주,성인,일반,34,관리자,참가증,20120623,M
1,남구(부산),성인,일반,60,관리자,참가증,20120623,M
1,남구(부산),성인,일반,56,관리자,참가증,20120623,F
1,원주,성인,일반,31,관리자,참가증,20120623,M
1,남구(부산),성인,일반,55,관리자,참가증,20120623,F
1,원주,성인,일반,47,관리자,참가증,20120623,F
1,원주,성인,일반,21,관리자,참가증,20120623,F
1,원주,성인,일반,44,관리자,참가증,20120623,F
1,원주,성인,일반,43,관리자,참가증,20120623,F
1,원주,성인,일반,36,관리자,참가증,20120623,F
1,원주,성인,일반,40,관리자,참가증,20120623,M
1,원주,성인,일반,46,관리자,참가증,20120623,M
1,원주,성인,일반,53,관리자,참가증,20120623,F
1,원주,성인,일반,42,관리자,참가증,20120623,F
1,원주,성인,일반,36,관리자,참가증,20120623,F
1,남구(부산),성인,일반,39,관리자,참가증,20120623,F
1,원주,성인,일반,28,관리자,참가증,20120623,M
1,남구(부산),성인,일반,41,관리자,참가증,20120623,M
1,원주,성인,일반,33,관리자,3등급,20120623,F
1,남구(부산),성인,일반,33,관리자,참가증,20120623,M
1,원주,성인,일반,44,관리자,참가증,20120623,M
1,원주,성인,일반,57,관리자,참가증,20120623,F
1,원주,성인,일반,56,관리자,참가증,20120623,F
1,남구(부산),성인,일반,36,관리자,참가증,20120623,F
1,남구(부산),성인,일반,51,관리자,2등급,20120623,F
1,원주,성인,일반,42,관리자,참가증,20120623,F
1,원주,성인,일반,40,관리자,참가증,20120623,F
1,남구(부산),성인,일반,30,관리자,참가증,20120623,F
1,남구(부산),성인,일반,56,관리자,참가증,20120623,F
1,광명,성인,일반,21,관리자,참가증,20120625,F
1,광산,성인,일반,56,기타,참가증,20120625,F
1,남구(부산),성인,일반,41,관리자,참가증,20120625,F
1,남구(부산),성인,일반,34,관리자,3등급,20120625,F
1,남구(부산),성인,일반,29,관리자,참가증,20120625,F
1,광산,성인,일반,60,기타,3등급,20120625,F
1,광산,성인,일반,29,기타,3등급,20120625,M
1,광산,성인,일반,63,기타,3등급,20120625,M
1,광산,성인,일반,53,기타,2등급,20120625,F
1,원주,성인,일반,49,기타,참가증,20120625,F
1,남구(부산),성인,일반,64,관리자,3등급,20120625,M
1,원주,성인,일반,42,기타,참가증,20120625,F
1,광명,성인,일반,40,기타,참가증,20120625,F
1,광명,성인,일반,47,기타,참가증,20120625,F
1,원주,성인,일반,51,기타,3등급,20120625,F
1,광산,성인,일반,22,기타,참가증,20120625,F
1,원주,성인,일반,57,기타,3등급,20120625,F
1,원주,성인,일반,45,기타,1등급,20120625,F
1,광산,성인,일반,42,기타,참가증,20120625,F
2,광산,성인,일반,60,기타,3등급,20120625,M
1,광명,성인,일반,57,관리자,참가증,20120625,F
1,광산,성인,일반,0,기타,참가증,20120625,F
1,광산,성인,일반,47,기타,참가증,20120625,F
1,남구(부산),성인,일반,31,관리자,참가증,20120625,F
1,광산,성인,일반,62,기타,참가증,20120625,F
1,광명,성인,일반,62,관리자,참가증,20120625,F
1,광명,성인,일반,49,관리자,3등급,20120625,F
1,광산,성인,일반,38,기타,참가증,20120625,F
1,남구(부산),성인,일반,60,관리자,참가증,20120625,F
1,광산,성인,일반,55,기타,3등급,20120625,F
1,남구(부산),성인,일반,60,관리자,참가증,20120625,F
1,광명,성인,일반,36,관리자,참가증,20120625,F
1,광명,성인,일반,36,관리자,참가증,20120625,F
1,광명,성인,일반,52,관리자,참가증,20120625,F
1,광명,성인,일반,52,관리자,참가증,20120625,F
1,남구(부산),성인,일반,63,관리자,참가증,20120625,F
1,원주,성인,일반,45,기타,참가증,20120625,F
1,원주,성인,일반,36,기타,참가증,20120625,F
1,광명,성인,일반,36,관리자,참가증,20120625,F
1,광산,성인,일반,25,기타,참가증,20120625,F
1,원주,성인,일반,25,기타,참가증,20120625,F
1,광명,성인,일반,46,기타,참가증,20120625,F
1,광명,성인,일반,40,기타,3등급,20120625,M
1,광명,성인,일반,52,기타,참가증,20120625,F
1,광명,성인,일반,49,기타,참가증,20120625,F
1,광명,성인,일반,51,기타,참가증,20120625,F
1,광명,성인,일반,46,기타,참가증,20120625,F
1,원주,성인,일반,36,기타,3등급,20120625,F
1,광산,성인,일반,63,기타,참가증,20120625,F
1,원주,성인,일반,51,기타,3등급,20120625,M
1,원주,성인,일반,44,기타,3등급,20120625,M
1,남구(부산),성인,일반,62,관리자,참가증,20120625,F
1,원주,성인,일반,52,기타,3등급,20120625,F
1,원주,성인,일반,57,기타,참가증,20120625,F
1,광산,성인,일반,53,기타,3등급,20120625,F
1,광산,성인,일반,59,기타,참가증,20120625,F
1,광산,성인,일반,35,기타,참가증,20120625,F
1,광산,성인,일반,56,기타,2등급,20120625,F
1,광산,성인,일반,54,기타,참가증,20120625,F
1,원주,성인,일반,50,기타,참가증,20120625,F
1,남구(부산),성인,일반,61,관리자,3등급,20120625,F
1,남구(부산),성인,일반,50,관리자,3등급,20120625,F
1,원주,성인,일반,22,기타,참가증,20120625,M
2,광산,성인,일반,47,기타,1등급,20120625,F
1,원주,성인,일반,38,기타,참가증,20120625,F
1,광명,성인,일반,44,관리자,참가증,20120625,M
1,광명,성인,일반,43,기타,참가증,20120625,F
1,원주,성인,일반,52,기타,3등급,20120625,F
1,광명,성인,일반,38,관리자,참가증,20120625,F
1,광산,성인,일반,43,기타,참가증,20120625,F
1,광명,성인,일반,46,기타,참가증,20120625,F
1,남구(부산),성인,일반,43,관리자,참가증,20120625,F
1,광산,성인,일반,53,관리자,3등급,20120625,F
1,광산,성인,일반,57,기타,참가증,20120625,F
1,원주,성인,일반,44,기타,참가증,20120625,F
1,광명,성인,일반,42,기타,참가증,20120625,F
1,원주,성인,일반,43,기타,참가증,20120625,F
1,원주,성인,일반,56,기타,2등급,20120625,F
1,광명,성인,일반,44,기타,참가증,20120625,F
1,광명,성인,일반,39,관리자,참가증,20120625,F
1,광산,성인,일반,37,기타,3등급,20120625,F
1,남구(부산),성인,일반,59,관리자,3등급,20120625,F
1,광산,성인,일반,49,관리자,3등급,20120625,M
1,광산,성인,일반,64,기타,3등급,20120625,F
1,원주,성인,일반,28,기타,참가증,20120625,M
1,광명,성인,일반,29,관리자,3등급,20120625,F
1,원주,성인,일반,51,관리자,참가증,20120626,F
1,원주,성인,일반,30,관리자,3등급,20120626,F
1,광명,성인,일반,59,관리자,참가증,20120626,F
1,원주,성인,일반,51,관리자,3등급,20120626,F
1,원주,성인,일반,41,관리자,참가증,20120626,F
1,원주,성인,일반,47,관리자,참가증,20120626,M
1,원주,성인,일반,36,관리자,참가증,20120626,F
1,원주,성인,일반,21,관리자,참가증,20120626,M
1,광명,성인,일반,41,관리자,3등급,20120626,F
1,원주,성인,일반,36,기타,참가증,20120626,M
1,원주,성인,일반,59,관리자,참가증,20120626,M
1,원주,성인,일반,44,관리자,참가증,20120626,F
1,원주,성인,일반,30,관리자,참가증,20120626,F
1,원주,성인,일반,43,관리자,2등급,20120626,F
1,광명,성인,일반,44,기타,참가증,20120626,M
1,원주,성인,일반,43,관리자,3등급,20120626,F
1,원주,성인,일반,48,관리자,3등급,20120626,F
1,광명,성인,일반,51,기타,참가증,20120626,F
1,원주,성인,일반,62,관리자,2등급,20120626,F
1,원주,성인,일반,25,관리자,참가증,20120626,F
1,광명,성인,일반,51,관리자,참가증,20120626,F
1,광명,성인,일반,58,관리자,참가증,20120626,F
1,원주,성인,일반,30,관리자,참가증,20120626,M
1,원주,성인,일반,62,관리자,참가증,20120626,F
1,광명,성인,일반,57,관리자,참가증,20120626,F
1,광명,성인,일반,46,기타,참가증,20120626,F
1,원주,성인,일반,39,관리자,3등급,20120626,F
1,원주,성인,일반,45,관리자,2등급,20120626,F
1,원주,성인,일반,43,관리자,참가증,20120626,F
1,광명,성인,일반,42,기타,참가증,20120626,F
1,광명,성인,일반,50,관리자,3등급,20120626,F
1,광명,성인,일반,37,관리자,참가증,20120626,F
1,광명,성인,일반,43,기타,참가증,20120626,F
1,광산,성인,일반,60,기타,3등급,20120626,F
1,원주,성인,일반,39,관리자,2등급,20120626,F
1,원주,성인,일반,42,관리자,참가증,20120626,F
1,원주,성인,일반,50,관리자,2등급,20120626,F
1,광명,성인,일반,49,기타,참가증,20120626,F
1,광산,성인,일반,52,관리자,참가증,20120626,F
1,광명,성인,일반,42,관리자,3등급,20120626,F
1,광명,성인,일반,54,관리자,참가증,20120626,F
1,광명,성인,일반,62,관리자,3등급,20120626,M
1,광명,성인,일반,53,기타,참가증,20120626,F
1,원주,성인,일반,20,관리자,참가증,20120626,F
1,광명,성인,일반,60,관리자,2등급,20120626,F
1,광명,성인,일반,54,관리자,참가증,20120626,F
1,광명,성인,일반,60,관리자,참가증,20120626,F
1,광명,성인,일반,52,관리자,참가증,20120626,F
1,원주,성인,일반,25,관리자,참가증,20120626,F
1,원주,성인,일반,53,관리자,참가증,20120626,M
1,광산,성인,일반,35,기타,참가증,20120626,F
1,광명,성인,일반,40,기타,참가증,20120626,F
1,광명,성인,일반,45,기타,참가증,20120626,F
1,원주,성인,일반,44,관리자,참가증,20120627,F
1,원주,성인,일반,38,관리자,참가증,20120627,M
1,남구(부산),성인,일반,24,관리자,참가증,20120627,M
1,광산,성인,일반,41,관리자,3등급,20120627,F
1,광명,성인,일반,38,관리자,2등급,20120627,F
1,원주,성인,일반,50,관리자,2등급,20120627,M
1,원주,성인,일반,54,관리자,참가증,20120627,F
1,광산,성인,일반,51,관리자,참가증,20120627,F
1,원주,성인,일반,60,관리자,참가증,20120627,F
1,원주,성인,일반,40,관리자,참가증,20120627,F
1,원주,성인,일반,38,관리자,참가증,20120627,F
1,원주,성인,일반,46,관리자,참가증,20120627,F
1,원주,성인,일반,31,관리자,참가증,20120627,F
1,원주,성인,일반,36,관리자,참가증,20120627,F
1,남구(부산),성인,일반,22,관리자,참가증,20120627,M
1,남구(부산),성인,일반,57,관리자,참가증,20120627,F
1,남구(부산),성인,일반,26,관리자,참가증,20120627,F
1,남구(부산),성인,일반,26,관리자,참가증,20120627,M
1,원주,성인,일반,29,관리자,참가증,20120627,F
1,광명,성인,일반,52,관리자,참가증,20120627,F
1,광명,성인,일반,39,관리자,참가증,20120627,F
1,원주,성인,일반,30,관리자,참가증,20120627,F
1,원주,성인,일반,52,관리자,참가증,20120627,F
1,원주,성인,일반,23,관리자,참가증,20120627,M
1,원주,성인,일반,53,관리자,3등급,20120627,F
1,원주,성인,일반,37,관리자,3등급,20120627,F
1,광산,성인,일반,42,관리자,참가증,20120627,F
1,광명,성인,일반,58,기타,2등급,20120627,F
1,광명,성인,일반,27,기타,참가증,20120627,F
1,광산,성인,일반,62,기타,참가증,20120627,F
1,남구(부산),성인,일반,31,관리자,참가증,20120627,M
1,남구(부산),성인,일반,48,관리자,1등급,20120627,M
1,광명,성인,일반,33,관리자,참가증,20120627,F
1,원주,성인,일반,51,관리자,참가증,20120627,M
1,광명,성인,일반,30,관리자,참가증,20120627,M
1,원주,성인,일반,20,관리자,참가증,20120627,F
1,원주,성인,일반,46,관리자,참가증,20120627,F
1,원주,성인,일반,21,관리자,참가증,20120627,F
1,원주,성인,일반,23,관리자,참가증,20120627,M
1,원주,성인,일반,49,관리자,참가증,20120627,F
1,원주,성인,일반,40,관리자,참가증,20120627,F
1,광명,성인,일반,47,관리자,참가증,20120627,F
1,원주,성인,일반,19,관리자,참가증,20120627,M
1,광명,성인,일반,52,관리자,3등급,20120627,F
1,원주,성인,일반,39,관리자,3등급,20120627,F
1,남구(부산),성인,일반,53,관리자,3등급,20120627,F
1,광명,성인,일반,56,관리자,참가증,20120627,F
1,원주,성인,일반,57,관리자,참가증,20120627,F
1,남구(부산),성인,일반,44,관리자,참가증,20120627,F
1,광산,성인,일반,43,관리자,참가증,20120627,F
1,광산,성인,일반,48,관리자,참가증,20120627,F
1,광명,성인,일반,30,관리자,3등급,20120627,F
1,원주,성인,일반,29,관리자,3등급,20120627,F
1,광명,성인,일반,32,관리자,참가증,20120627,F
1,광산,성인,일반,44,관리자,참가증,20120627,F
1,광명,성인,일반,30,관리자,참가증,20120627,F
1,광명,성인,일반,32,관리자,참가증,20120627,F
1,광산,성인,일반,35,관리자,참가증,20120627,F
1,광명,성인,일반,46,관리자,참가증,20120627,F
1,광명,성인,일반,35,관리자,참가증,20120627,F
1,원주,성인,일반,56,관리자,참가증,20120627,F
1,광산,성인,일반,47,관리자,2등급,20120627,F
1,광명,성인,일반,56,관리자,참가증,20120627,F
1,광산,성인,일반,24,관리자,3등급,20120627,F
1,남구(부산),성인,일반,54,관리자,2등급,20120627,M
1,원주,성인,일반,36,관리자,참가증,20120627,F
1,원주,성인,일반,36,관리자,참가증,20120627,F
1,원주,성인,일반,49,관리자,참가증,20120627,F
1,광산,성인,일반,43,관리자,3등급,20120627,F
1,광산,성인,일반,46,관리자,2등급,20120627,F
1,원주,성인,일반,36,관리자,참가증,20120627,F
1,광명,성인,일반,63,관리자,참가증,20120627,F
1,원주,성인,일반,51,관리자,참가증,20120627,F
1,원주,성인,일반,28,관리자,참가증,20120627,F
1,광명,성인,일반,36,관리자,참가증,20120627,F
1,원주,성인,일반,59,관리자,참가증,20120627,F
1,원주,성인,일반,40,관리자,참가증,20120627,F
1,남구(부산),성인,일반,0,관리자,참가증,20120627,F
1,원주,성인,일반,57,관리자,참가증,20120627,F
1,광산,성인,일반,42,관리자,2등급,20120627,M
1,광명,성인,일반,47,관리자,1등급,20120627,F
1,광명,성인,일반,37,관리자,3등급,20120627,F
1,광명,성인,일반,37,관리자,2등급,20120627,F
1,원주,성인,일반,43,관리자,3등급,20120627,F
1,광산,성인,일반,42,기타,참가증,20120627,F
1,원주,성인,일반,34,관리자,참가증,20120628,F
1,광산,성인,일반,23,기타,참가증,20120628,F
1,광산,성인,일반,24,기타,3등급,20120628,M
1,남구(부산),성인,일반,41,관리자,3등급,20120628,M
1,원주,성인,일반,37,관리자,3등급,20120628,F
1,남구(부산),성인,일반,56,관리자,참가증,20120628,F
1,남구(부산),성인,일반,28,관리자,참가증,20120628,F
1,남구(부산),성인,일반,29,관리자,참가증,20120628,F
1,광산,성인,일반,25,관리자,참가증,20120628,F
1,광명,성인,일반,57,관리자,참가증,20120628,F
1,원주,성인,일반,41,관리자,3등급,20120628,M
1,원주,성인,일반,37,관리자,참가증,20120628,F
1,원주,성인,일반,26,관리자,참가증,20120628,F
1,원주,성인,일반,29,관리자,참가증,20120628,F
1,광명,성인,일반,39,관리자,참가증,20120628,F
1,광명,성인,일반,53,기타,참가증,20120628,F
1,광명,성인,일반,48,기타,참가증,20120628,M
1,광명,성인,일반,44,기타,참가증,20120628,F
1,원주,성인,일반,44,관리자,3등급,20120628,M
1,광산,성인,일반,22,관리자,참가증,20120628,F
1,원주,성인,일반,42,관리자,참가증,20120628,F
1,원주,성인,일반,53,관리자,3등급,20120628,F
1,남구(부산),성인,일반,58,관리자,2등급,20120628,F
1,원주,성인,일반,42,관리자,3등급,20120628,M
1,남구(부산),성인,일반,49,관리자,참가증,20120628,M
1,남구(부산),성인,일반,29,관리자,참가증,20120628,F
1,원주,성인,일반,44,관리자,3등급,20120628,F
1,광명,성인,일반,54,관리자,참가증,20120628,F
1,광명,성인,일반,42,관리자,3등급,20120628,M
1,남구(부산),성인,일반,54,관리자,1등급,20120628,F
1,광명,성인,일반,40,관리자,참가증,20120628,F
1,광명,성인,일반,59,관리자,참가증,20120628,F
1,원주,성인,일반,42,관리자,2등급,20120628,M
1,광명,성인,일반,58,관리자,참가증,20120628,F
1,광명,성인,일반,31,관리자,참가증,20120628,F
1,광명,성인,일반,58,관리자,2등급,20120628,F
1,광명,성인,일반,63,관리자,참가증,20120628,F
1,광명,성인,일반,35,관리자,참가증,20120628,F
1,광명,성인,일반,36,관리자,참가증,20120628,F
1,광산,성인,일반,20,관리자,참가증,20120628,F
1,광명,성인,일반,54,관리자,3등급,20120628,F
1,광명,성인,일반,31,관리자,참가증,20120628,F
1,광명,성인,일반,51,관리자,참가증,20120628,F
1,원주,성인,일반,32,관리자,참가증,20120628,M
1,광명,성인,일반,38,관리자,참가증,20120628,F
1,원주,성인,일반,51,관리자,2등급,20120628,F
1,원주,성인,일반,23,관리자,3등급,20120628,F
1,남구(부산),성인,일반,54,관리자,참가증,20120628,F
1,남구(부산),성인,일반,28,관리자,참가증,20120628,M
1,광명,성인,일반,51,관리자,참가증,20120628,F
1,원주,성인,일반,22,관리자,참가증,20120628,F
1,원주,성인,일반,55,관리자,참가증,20120628,F
1,원주,성인,일반,54,관리자,참가증,20120628,F
1,남구(부산),성인,일반,51,관리자,참가증,20120628,F
1,남구(부산),성인,일반,50,관리자,2등급,20120628,F
1,남구(부산),성인,일반,52,관리자,참가증,20120628,F
1,남구(부산),성인,일반,51,관리자,1등급,20120628,F
1,광명,성인,일반,59,관리자,참가증,20120628,F
1,원주,성인,일반,60,관리자,3등급,20120628,F
1,남구(부산),성인,일반,54,관리자,참가증,20120628,F
1,원주,성인,일반,25,관리자,참가증,20120628,M
1,남구(부산),성인,일반,43,관리자,참가증,20120628,F
1,광명,성인,일반,51,기타,참가증,20120628,F
1,원주,성인,일반,31,관리자,3등급,20120628,M
1,남구(부산),성인,일반,55,관리자,참가증,20120628,M
1,광명,성인,일반,41,기타,3등급,20120628,F
1,원주,성인,일반,32,관리자,3등급,20120628,F
1,광명,성인,일반,53,기타,참가증,20120629,F
1,광명,성인,일반,52,기타,참가증,20120629,F
1,광산,성인,일반,39,관리자,3등급,20120629,F
1,광산,성인,일반,42,관리자,3등급,20120629,F
1,광산,성인,일반,53,관리자,참가증,20120629,F
1,남구(부산),성인,일반,46,관리자,참가증,20120629,F
1,원주,성인,일반,60,관리자,3등급,20120629,F
1,광명,성인,일반,32,관리자,참가증,20120629,F
1,광산,성인,일반,57,관리자,참가증,20120629,F
1,광명,성인,일반,42,기타,참가증,20120629,F
1,광산,성인,일반,64,관리자,참가증,20120629,F
1,광명,성인,일반,56,관리자,참가증,20120629,M
1,광명,성인,일반,30,관리자,참가증,20120629,F
1,광산,성인,일반,39,관리자,3등급,20120629,F
1,남구(부산),성인,일반,55,관리자,참가증,20120629,F
1,원주,성인,일반,31,기타,참가증,20120629,M
1,원주,성인,일반,37,관리자,참가증,20120629,F
1,원주,성인,일반,38,관리자,참가증,20120629,F
1,광산,성인,일반,44,관리자,3등급,20120629,F
1,원주,성인,일반,32,관리자,참가증,20120629,F
1,광산,성인,일반,56,관리자,참가증,20120629,M
1,광산,성인,일반,44,관리자,참가증,20120629,F
1,광산,성인,일반,52,관리자,3등급,20120629,F
1,남구(부산),성인,일반,35,관리자,2등급,20120629,F
1,남구(부산),성인,일반,49,관리자,참가증,20120629,M
1,원주,성인,일반,40,관리자,참가증,20120629,F
1,원주,성인,일반,54,관리자,참가증,20120629,F
1,남구(부산),성인,일반,42,관리자,참가증,20120629,M
1,원주,성인,일반,53,관리자,3등급,20120629,M
1,광산,성인,일반,44,관리자,참가증,20120629,F
1,남구(부산),성인,일반,43,관리자,참가증,20120629,F
1,남구(부산),성인,일반,19,관리자,참가증,20120629,F
1,남구(부산),성인,일반,62,관리자,참가증,20120629,M
1,남구(부산),성인,일반,59,관리자,참가증,20120629,F
1,광명,성인,일반,51,기타,참가증,20120629,M
1,남구(부산),성인,일반,32,관리자,참가증,20120629,M
1,광산,성인,일반,45,관리자,참가증,20120629,F
1,광명,성인,일반,35,관리자,참가증,20120629,F
1,원주,성인,일반,47,관리자,참가증,20120629,F
1,광산,성인,일반,21,관리자,참가증,20120629,F
1,광산,성인,일반,28,관리자,참가증,20120629,M
1,원주,성인,일반,49,관리자,3등급,20120629,M
1,광산,성인,일반,37,관리자,3등급,20120629,F
1,광산,성인,일반,32,관리자,3등급,20120629,F
1,광산,성인,일반,42,관리자,참가증,20120629,F
1,광산,성인,일반,30,관리자,3등급,20120629,F
1,원주,성인,일반,45,관리자,참가증,20120629,F
1,원주,성인,일반,31,기타,참가증,20120629,F
1,광산,성인,일반,34,관리자,1등급,20120629,F
1,원주,성인,일반,55,관리자,참가증,20120629,F
1,원주,성인,일반,31,관리자,참가증,20120629,F
1,원주,성인,일반,43,관리자,참가증,20120629,F
1,원주,성인,일반,22,관리자,참가증,20120629,F
1,원주,성인,일반,22,관리자,참가증,20120629,F
1,광명,성인,일반,32,관리자,2등급,20120629,F
1,광명,성인,일반,59,관리자,참가증,20120629,F
1,광명,성인,일반,59,관리자,참가증,20120629,F
1,광명,성인,일반,64,관리자,참가증,20120629,F
1,원주,성인,일반,49,관리자,참가증,20120629,F
1,남구(부산),성인,일반,26,관리자,참가증,20120629,M
1,광산,성인,일반,33,관리자,참가증,20120629,F
1,광산,성인,일반,45,관리자,참가증,20120629,F
1,원주,성인,일반,60,관리자,참가증,20120629,F
1,광산,성인,일반,38,관리자,참가증,20120629,M
1,광산,성인,일반,22,관리자,참가증,20120629,F
1,남구(부산),성인,일반,19,관리자,참가증,20120629,F
1,광산,성인,일반,23,관리자,참가증,20120629,F
1,광명,성인,일반,48,기타,3등급,20120629,F
1,광명,성인,일반,57,관리자,2등급,20120629,F
1,광산,성인,일반,64,관리자,참가증,20120629,M
1,광산,성인,일반,46,관리자,3등급,20120629,F
1,남구(부산),성인,일반,26,관리자,참가증,20120629,F
1,남구(부산),성인,일반,60,관리자,참가증,20120629,M
1,남구(부산),성인,일반,33,관리자,3등급,20120629,F
1,남구(부산),성인,일반,29,관리자,2등급,20120629,F
1,원주,성인,일반,23,관리자,참가증,20120629,F
1,광명,성인,일반,56,관리자,참가증,20120629,F
1,광명,성인,일반,28,관리자,참가증,20120629,F
1,원주,성인,일반,49,관리자,참가증,20120629,F
1,광명,성인,일반,30,기타,참가증,20120629,M
1,원주,성인,일반,42,관리자,참가증,20120629,F
1,원주,성인,일반,44,관리자,참가증,20120630,F
1,원주,성인,일반,41,관리자,참가증,20120630,M
1,남구(부산),성인,일반,39,관리자,참가증,20120630,F
1,원주,성인,일반,34,관리자,참가증,20120630,F
1,남구(부산),성인,일반,31,관리자,참가증,20120630,F
1,남구(부산),성인,일반,38,관리자,3등급,20120630,F
1,남구(부산),성인,일반,61,관리자,참가증,20120630,M
1,남구(부산),성인,일반,53,관리자,3등급,20120630,F
1,광산,성인,일반,37,관리자,3등급,20120630,M
1,광산,성인,일반,39,관리자,3등급,20120630,M
1,광산,성인,일반,19,관리자,참가증,20120630,M
1,원주,성인,일반,32,관리자,참가증,20120630,M
1,광산,성인,일반,33,관리자,참가증,20120630,M
1,원주,성인,일반,48,관리자,참가증,20120630,F
1,원주,성인,일반,52,관리자,2등급,20120630,F
1,원주,성인,일반,56,관리자,3등급,20120630,M
1,원주,성인,일반,52,관리자,참가증,20120630,F
1,남구(부산),성인,일반,40,관리자,참가증,20120630,M
1,광산,성인,일반,23,관리자,참가증,20120630,F
1,원주,성인,일반,31,관리자,참가증,20120630,F
1,남구(부산),성인,일반,36,관리자,3등급,20120630,F
1,광산,성인,일반,41,관리자,3등급,20120630,F
1,광산,성인,일반,40,관리자,3등급,20120630,M
1,광산,성인,일반,43,관리자,참가증,20120630,F
1,남구(부산),성인,일반,41,관리자,2등급,20120630,F
1,원주,성인,일반,45,관리자,3등급,20120630,M
1,원주,성인,일반,31,관리자,참가증,20120630,M
1,원주,성인,일반,55,관리자,참가증,20120630,F
1,광산,성인,일반,37,관리자,1등급,20120630,F
1,원주,성인,일반,55,관리자,3등급,20120630,M
1,남구(부산),성인,일반,51,관리자,3등급,20120630,M
1,광산,성인,일반,47,관리자,2등급,20120630,M
1,원주,성인,일반,32,관리자,참가증,20120630,M
1,광산,성인,일반,29,관리자,참가증,20120630,M
1,광산,성인,일반,28,관리자,1등급,20120630,F
1,광산,성인,일반,24,관리자,참가증,20120630,F
1,광산,성인,일반,44,관리자,3등급,20120630,F
1,광산,성인,일반,45,관리자,3등급,20120630,F
1,원주,성인,일반,45,관리자,참가증,20120630,F
1,광산,성인,일반,36,관리자,1등급,20120630,F
1,원주,성인,일반,52,관리자,참가증,20120630,F
1,원주,성인,일반,52,관리자,2등급,20120630,M
1,광산,성인,일반,46,관리자,2등급,20120630,F
1,남구(부산),성인,일반,33,관리자,3등급,20120630,M
1,남구(부산),성인,일반,56,관리자,참가증,20120630,F
1,원주,성인,일반,37,관리자,참가증,20120630,F
1,원주,성인,일반,60,관리자,3등급,20120630,M
1,원주,성인,일반,42,관리자,2등급,20120630,M
1,원주,성인,일반,41,관리자,참가증,20120630,F
1,남구(부산),성인,일반,41,관리자,참가증,20120630,F
1,남구(부산),성인,일반,47,관리자,3등급,20120630,F
